2026-05-18 10:07:18 [main] INFO  BaseClass - config.properties file loaded
2026-05-18 10:07:18 [TestNG-tests-1] INFO  BaseClass - Setting up WebDriver for: HomePageTest on browser: chrome
2026-05-18 10:07:19 [TestNG-tests-1] INFO  LoggingUtils - ChromeDriver Instance is created.
2026-05-18 10:07:32 [TestNG-tests-1] INFO  LoggingUtils - WebDriver instance is created.
2026-05-18 10:07:34 [TestNG-tests-1] INFO  BaseClass - for test verifyOrangeHRMLogo ActionDriver initialized for thread: 43
2026-05-18 10:07:34 [TestNG-tests-1] INFO  LoggingUtils - Applied the border with color green to element: Element with name: username
2026-05-18 10:07:34 [TestNG-tests-1] INFO  LoggingUtils - Entered text on Element with name: username-->Admin
2026-05-18 10:07:34 [TestNG-tests-1] INFO  LoggingUtils - Applied the border with color green to element: Element with name: password
2026-05-18 10:07:34 [TestNG-tests-1] INFO  LoggingUtils - Entered text on Element with name: password-->admin123
2026-05-18 10:07:34 [TestNG-tests-1] INFO  LoggingUtils - Applied the border with color green to element: Element with text: Login
2026-05-18 10:07:34 [TestNG-tests-1] INFO  LoggingUtils - clicked an element-->Element with text: Login
2026-05-18 10:07:39 [TestNG-tests-1] INFO  LoggingUtils - Applied the border with color green to element: Element located using: By.xpath: //div[@class='oxd-brand-banner']//img
2026-05-18 10:07:39 [TestNG-tests-1] INFO  LoggingUtils - Element is displayed Element located using: By.xpath: //div[@class='oxd-brand-banner']//img
2026-05-18 10:07:39 [TestNG-tests-1] INFO  LoggingUtils - Applied the border with color green to element: Element with text: manda user
2026-05-18 10:07:39 [TestNG-tests-1] INFO  LoggingUtils - clicked an element-->Element with text: manda user
2026-05-18 10:07:39 [TestNG-tests-1] INFO  LoggingUtils - Applied the border with color green to element: Element with text: Logout
2026-05-18 10:07:42 [TestNG-tests-1] INFO  LoggingUtils - clicked an element-->Element with text: Logout
2026-05-18 10:07:42 [TestNG-tests-1] INFO  BaseClass - WebDriver instance is closed.
2026-05-18 10:08:57 [main] INFO  BaseClass - config.properties file loaded
2026-05-18 10:08:57 [TestNG-tests-1] INFO  BaseClass - Setting up WebDriver for: HomePageTest on browser: chrome
2026-05-18 10:08:57 [TestNG-tests-2] INFO  BaseClass - Setting up WebDriver for: HomePageTest on browser: fireFox
2026-05-18 10:08:58 [TestNG-tests-1] INFO  DriverManager - ChromeDriver Instance is created.
2026-05-18 10:09:01 [TestNG-tests-2] INFO  DriverManager - FirefoxDriver Instance is created.
2026-05-18 10:09:12 [TestNG-tests-1] INFO  ActionDriver - WebDriver instance is created.
2026-05-18 10:09:14 [TestNG-tests-2] INFO  ActionDriver - WebDriver instance is created.
2026-05-18 10:09:14 [TestNG-tests-1] INFO  BaseClass - for test verifyOrangeHRMLogo ActionDriver initialized for thread: 43
2026-05-18 10:09:15 [TestNG-tests-1] INFO  ActionDriver - Applied the border with color green to element: Element with name: username
2026-05-18 10:09:15 [TestNG-tests-1] INFO  ActionDriver - Entered text on Element with name: username-->Admin
2026-05-18 10:09:15 [TestNG-tests-1] INFO  ActionDriver - Applied the border with color green to element: Element with name: password
2026-05-18 10:09:15 [TestNG-tests-1] INFO  ActionDriver - Entered text on Element with name: password-->admin123
2026-05-18 10:09:15 [TestNG-tests-1] INFO  ActionDriver - Applied the border with color green to element: Element with text: Login
2026-05-18 10:09:16 [TestNG-tests-2] INFO  BaseClass - for test verifyOrangeHRMLogo ActionDriver initialized for thread: 44
2026-05-18 10:09:16 [TestNG-tests-2] INFO  ActionDriver - Applied the border with color green to element: Element with name: username
2026-05-18 10:09:16 [TestNG-tests-2] INFO  ActionDriver - Entered text on Element with name: username-->Admin
2026-05-18 10:09:16 [TestNG-tests-2] INFO  ActionDriver - Applied the border with color green to element: Element with name: password
2026-05-18 10:09:16 [TestNG-tests-2] INFO  ActionDriver - Entered text on Element with name: password-->admin123
2026-05-18 10:09:16 [TestNG-tests-2] INFO  ActionDriver - Applied the border with color green to element: Element with text: Login
2026-05-18 10:09:19 [TestNG-tests-1] INFO  ActionDriver - clicked an element-->Element with text: Login
2026-05-18 10:09:21 [TestNG-tests-1] INFO  ActionDriver - Applied the border with color green to element: Element located using: By.xpath: //div[@class='oxd-brand-banner']//img
2026-05-18 10:09:21 [TestNG-tests-1] INFO  ActionDriver - Element is displayed Element located using: By.xpath: //div[@class='oxd-brand-banner']//img
2026-05-18 10:09:21 [TestNG-tests-1] INFO  ActionDriver - Applied the border with color green to element: Element with text: manda user
2026-05-18 10:09:21 [TestNG-tests-1] INFO  ActionDriver - clicked an element-->Element with text: manda user
2026-05-18 10:09:21 [TestNG-tests-1] INFO  ActionDriver - Applied the border with color green to element: Element with text: Logout
2026-05-18 10:09:21 [TestNG-tests-2] INFO  ActionDriver - clicked an element-->Element with text: Login
2026-05-18 10:09:23 [TestNG-tests-2] INFO  ActionDriver - Applied the border with color green to element: Element located using: By.xpath: //div[@class='oxd-brand-banner']//img
2026-05-18 10:09:23 [TestNG-tests-2] INFO  ActionDriver - Element is displayed Element located using: By.xpath: //div[@class='oxd-brand-banner']//img
2026-05-18 10:09:23 [TestNG-tests-2] INFO  ActionDriver - Applied the border with color green to element: Element with text: manda user
2026-05-18 10:09:23 [TestNG-tests-2] INFO  ActionDriver - clicked an element-->Element with text: manda user
2026-05-18 10:09:23 [TestNG-tests-2] INFO  ActionDriver - Applied the border with color green to element: Element with text: Logout
2026-05-18 10:09:25 [TestNG-tests-1] INFO  ActionDriver - clicked an element-->Element with text: Logout
2026-05-18 10:09:25 [TestNG-tests-1] INFO  BaseClass - WebDriver instance is closed.
2026-05-18 10:09:27 [TestNG-tests-2] INFO  ActionDriver - clicked an element-->Element with text: Logout
2026-05-18 10:09:27 [TestNG-tests-2] INFO  BaseClass - WebDriver instance is closed.
2026-05-18 10:12:44 [Thread-1] INFO  BaseClass - config.properties file loaded
2026-05-18 10:12:45 [Thread-43] INFO  BaseClass - Setting up WebDriver for: HomePageTest on browser: fireFox
2026-05-18 10:12:45 [Thread-42] INFO  BaseClass - Setting up WebDriver for: HomePageTest on browser: chrome
2026-05-18 10:12:46 [Thread-42] INFO  DriverManager - ChromeDriver Instance is created.
2026-05-18 10:12:48 [Thread-43] INFO  DriverManager - FirefoxDriver Instance is created.
2026-05-18 10:12:59 [Thread-42] INFO  ActionDriver - WebDriver instance is created.
2026-05-18 10:13:01 [Thread-42] INFO  BaseClass - for test verifyOrangeHRMLogo ActionDriver initialized for thread: 42
2026-05-18 10:13:01 [Thread-42] INFO  ActionDriver - Applied the border with color green to element: Element with name: username
2026-05-18 10:13:01 [Thread-42] INFO  ActionDriver - Entered text on Element with name: username-->Admin
2026-05-18 10:13:01 [Thread-42] INFO  ActionDriver - Applied the border with color green to element: Element with name: password
2026-05-18 10:13:01 [Thread-43] INFO  ActionDriver - WebDriver instance is created.
2026-05-18 10:13:01 [Thread-42] INFO  ActionDriver - Entered text on Element with name: password-->admin123
2026-05-18 10:13:01 [Thread-42] INFO  ActionDriver - Applied the border with color green to element: Element with text: Login
2026-05-18 10:13:01 [Thread-42] INFO  ActionDriver - clicked an element-->Element with text: Login
2026-05-18 10:13:03 [Thread-42] INFO  ActionDriver - Applied the border with color green to element: Element located using: By.xpath: //div[@class='oxd-brand-banner']//img
2026-05-18 10:13:03 [Thread-42] INFO  ActionDriver - Element is displayed Element located using: By.xpath: //div[@class='oxd-brand-banner']//img
2026-05-18 10:13:03 [Thread-42] INFO  ActionDriver - Applied the border with color green to element: Element with text: manda user
2026-05-18 10:13:03 [Thread-42] INFO  ActionDriver - clicked an element-->Element with text: manda user
2026-05-18 10:13:03 [Thread-42] INFO  ActionDriver - Applied the border with color green to element: Element with text: Logout
2026-05-18 10:13:03 [Thread-43] INFO  BaseClass - for test verifyOrangeHRMLogo ActionDriver initialized for thread: 43
2026-05-18 10:13:03 [Thread-43] INFO  ActionDriver - Applied the border with color green to element: Element with name: username
2026-05-18 10:13:03 [Thread-43] INFO  ActionDriver - Entered text on Element with name: username-->Admin
2026-05-18 10:13:03 [Thread-43] INFO  ActionDriver - Applied the border with color green to element: Element with name: password
2026-05-18 10:13:03 [Thread-43] INFO  ActionDriver - Entered text on Element with name: password-->admin123
2026-05-18 10:13:03 [Thread-43] INFO  ActionDriver - Applied the border with color green to element: Element with text: Login
2026-05-18 10:13:04 [Thread-42] INFO  ActionDriver - clicked an element-->Element with text: Logout
2026-05-18 10:13:04 [Thread-42] INFO  BaseClass - WebDriver instance is closed.
2026-05-18 10:13:05 [Thread-43] INFO  ActionDriver - clicked an element-->Element with text: Login
2026-05-18 10:13:05 [Thread-43] INFO  ActionDriver - Applied the border with color green to element: Element located using: By.xpath: //div[@class='oxd-brand-banner']//img
2026-05-18 10:13:05 [Thread-43] INFO  ActionDriver - Element is displayed Element located using: By.xpath: //div[@class='oxd-brand-banner']//img
2026-05-18 10:13:05 [Thread-43] INFO  ActionDriver - Applied the border with color green to element: Element with text: manda user
2026-05-18 10:13:05 [Thread-43] INFO  ActionDriver - clicked an element-->Element with text: manda user
2026-05-18 10:13:05 [Thread-43] INFO  ActionDriver - Applied the border with color green to element: Element with text: Logout
2026-05-18 10:13:06 [Thread-43] INFO  ActionDriver - clicked an element-->Element with text: Logout
2026-05-18 10:13:07 [Thread-43] INFO  BaseClass - WebDriver instance is closed.
2026-05-18 10:14:39 [main] [Thread-1] INFO  BaseClass - config.properties file loaded
2026-05-18 10:14:39 [TestNG-tests-1] [Thread-43] INFO  BaseClass - Setting up WebDriver for: HomePageTest on browser: chrome
2026-05-18 10:14:39 [TestNG-tests-2] [Thread-44] INFO  BaseClass - Setting up WebDriver for: HomePageTest on browser: fireFox
2026-05-18 10:14:41 [TestNG-tests-1] [Thread-43] INFO  DriverManager - ChromeDriver Instance is created.
2026-05-18 10:14:42 [TestNG-tests-2] [Thread-44] INFO  DriverManager - FirefoxDriver Instance is created.
2026-05-18 10:14:53 [TestNG-tests-1] [Thread-43] INFO  ActionDriver - WebDriver instance is created.
2026-05-18 10:14:55 [TestNG-tests-2] [Thread-44] INFO  ActionDriver - WebDriver instance is created.
2026-05-18 10:14:55 [TestNG-tests-1] [Thread-43] INFO  BaseClass - for test verifyOrangeHRMLogo ActionDriver initialized for thread: 43
2026-05-18 10:14:55 [TestNG-tests-1] [Thread-43] INFO  ActionDriver - Applied the border with color green to element: Element with name: username
2026-05-18 10:14:56 [TestNG-tests-1] [Thread-43] INFO  ActionDriver - Entered text on Element with name: username-->Admin
2026-05-18 10:14:56 [TestNG-tests-1] [Thread-43] INFO  ActionDriver - Applied the border with color green to element: Element with name: password
2026-05-18 10:14:56 [TestNG-tests-1] [Thread-43] INFO  ActionDriver - Entered text on Element with name: password-->admin123
2026-05-18 10:14:56 [TestNG-tests-1] [Thread-43] INFO  ActionDriver - Applied the border with color green to element: Element with text: Login
2026-05-18 10:14:56 [TestNG-tests-1] [Thread-43] INFO  ActionDriver - clicked an element-->Element with text: Login
2026-05-18 10:14:57 [TestNG-tests-2] [Thread-44] INFO  BaseClass - for test verifyOrangeHRMLogo ActionDriver initialized for thread: 44
2026-05-18 10:14:57 [TestNG-tests-2] [Thread-44] INFO  ActionDriver - Applied the border with color green to element: Element with name: username
2026-05-18 10:14:57 [TestNG-tests-1] [Thread-43] INFO  ActionDriver - Applied the border with color green to element: Element located using: By.xpath: //div[@class='oxd-brand-banner']//img
2026-05-18 10:14:57 [TestNG-tests-1] [Thread-43] INFO  ActionDriver - Element is displayed Element located using: By.xpath: //div[@class='oxd-brand-banner']//img
2026-05-18 10:14:57 [TestNG-tests-2] [Thread-44] INFO  ActionDriver - Entered text on Element with name: username-->Admin
2026-05-18 10:14:57 [TestNG-tests-2] [Thread-44] INFO  ActionDriver - Applied the border with color green to element: Element with name: password
2026-05-18 10:14:57 [TestNG-tests-2] [Thread-44] INFO  ActionDriver - Entered text on Element with name: password-->admin123
2026-05-18 10:14:57 [TestNG-tests-2] [Thread-44] INFO  ActionDriver - Applied the border with color green to element: Element with text: Login
2026-05-18 10:14:58 [TestNG-tests-1] [Thread-43] INFO  ActionDriver - Applied the border with color green to element: Element with text: manda user
2026-05-18 10:14:58 [TestNG-tests-1] [Thread-43] INFO  ActionDriver - clicked an element-->Element with text: manda user
2026-05-18 10:14:58 [TestNG-tests-1] [Thread-43] INFO  ActionDriver - Applied the border with color green to element: Element with text: Logout
2026-05-18 10:14:58 [TestNG-tests-1] [Thread-43] INFO  ActionDriver - clicked an element-->Element with text: Logout
2026-05-18 10:14:59 [TestNG-tests-2] [Thread-44] INFO  ActionDriver - clicked an element-->Element with text: Login
2026-05-18 10:14:59 [TestNG-tests-1] [Thread-43] INFO  BaseClass - WebDriver instance is closed.
2026-05-18 10:14:59 [TestNG-tests-2] [Thread-44] INFO  ActionDriver - Applied the border with color green to element: Element located using: By.xpath: //div[@class='oxd-brand-banner']//img
2026-05-18 10:14:59 [TestNG-tests-2] [Thread-44] INFO  ActionDriver - Element is displayed Element located using: By.xpath: //div[@class='oxd-brand-banner']//img
2026-05-18 10:14:59 [TestNG-tests-2] [Thread-44] INFO  ActionDriver - Applied the border with color green to element: Element with text: manda user
2026-05-18 10:14:59 [TestNG-tests-2] [Thread-44] INFO  ActionDriver - clicked an element-->Element with text: manda user
2026-05-18 10:14:59 [TestNG-tests-2] [Thread-44] INFO  ActionDriver - Applied the border with color green to element: Element with text: Logout
2026-05-18 10:15:00 [TestNG-tests-2] [Thread-44] INFO  ActionDriver - clicked an element-->Element with text: Logout
2026-05-18 10:15:01 [TestNG-tests-2] [Thread-44] INFO  BaseClass - WebDriver instance is closed.
2026-05-18 10:15:51 [main] [Thread-1] - config.properties file loaded
2026-05-18 10:15:51 [TestNG-tests-1] [Thread-43] - Setting up WebDriver for: HomePageTest on browser: chrome
2026-05-18 10:15:51 [TestNG-tests-2] [Thread-44] - Setting up WebDriver for: HomePageTest on browser: fireFox
2026-05-18 10:15:53 [TestNG-tests-1] [Thread-43] - ChromeDriver Instance is created.
2026-05-18 10:15:54 [TestNG-tests-2] [Thread-44] - FirefoxDriver Instance is created.
2026-05-18 10:16:06 [TestNG-tests-1] [Thread-43] - WebDriver instance is created.
2026-05-18 10:16:07 [TestNG-tests-2] [Thread-44] - WebDriver instance is created.
2026-05-18 10:16:08 [TestNG-tests-1] [Thread-43] - for test verifyOrangeHRMLogo ActionDriver initialized for thread: 43
2026-05-18 10:16:08 [TestNG-tests-1] [Thread-43] - Applied the border with color green to element: Element with name: username
2026-05-18 10:16:08 [TestNG-tests-1] [Thread-43] - Entered text on Element with name: username-->Admin
2026-05-18 10:16:08 [TestNG-tests-1] [Thread-43] - Applied the border with color green to element: Element with name: password
2026-05-18 10:16:08 [TestNG-tests-1] [Thread-43] - Entered text on Element with name: password-->admin123
2026-05-18 10:16:08 [TestNG-tests-1] [Thread-43] - Applied the border with color green to element: Element with text: Login
2026-05-18 10:16:08 [TestNG-tests-1] [Thread-43] - clicked an element-->Element with text: Login
2026-05-18 10:16:09 [TestNG-tests-2] [Thread-44] - for test verifyOrangeHRMLogo ActionDriver initialized for thread: 44
2026-05-18 10:16:09 [TestNG-tests-2] [Thread-44] - Applied the border with color green to element: Element with name: username
2026-05-18 10:16:09 [TestNG-tests-2] [Thread-44] - Entered text on Element with name: username-->Admin
2026-05-18 10:16:10 [TestNG-tests-2] [Thread-44] - Applied the border with color green to element: Element with name: password
2026-05-18 10:16:10 [TestNG-tests-2] [Thread-44] - Entered text on Element with name: password-->admin123
2026-05-18 10:16:10 [TestNG-tests-2] [Thread-44] - Applied the border with color green to element: Element with text: Login
2026-05-18 10:16:10 [TestNG-tests-1] [Thread-43] - Applied the border with color green to element: Element located using: By.xpath: //div[@class='oxd-brand-banner']//img
2026-05-18 10:16:10 [TestNG-tests-1] [Thread-43] - Element is displayed Element located using: By.xpath: //div[@class='oxd-brand-banner']//img
2026-05-18 10:16:11 [TestNG-tests-1] [Thread-43] - Applied the border with color green to element: Element with text: manda user
2026-05-18 10:16:11 [TestNG-tests-1] [Thread-43] - clicked an element-->Element with text: manda user
2026-05-18 10:16:11 [TestNG-tests-1] [Thread-43] - Applied the border with color green to element: Element with text: Logout
2026-05-18 10:16:11 [TestNG-tests-2] [Thread-44] - clicked an element-->Element with text: Login
2026-05-18 10:16:12 [TestNG-tests-2] [Thread-44] - Applied the border with color green to element: Element located using: By.xpath: //div[@class='oxd-brand-banner']//img
2026-05-18 10:16:12 [TestNG-tests-2] [Thread-44] - Element is displayed Element located using: By.xpath: //div[@class='oxd-brand-banner']//img
2026-05-18 10:16:12 [TestNG-tests-2] [Thread-44] - Applied the border with color green to element: Element with text: manda user
2026-05-18 10:16:12 [TestNG-tests-2] [Thread-44] - clicked an element-->Element with text: manda user
2026-05-18 10:16:12 [TestNG-tests-1] [Thread-43] - clicked an element-->Element located using: By.xpath: //a[text()='Logout']
2026-05-18 10:16:12 [TestNG-tests-2] [Thread-44] - Applied the border with color green to element: Element with text: Logout
2026-05-18 10:16:12 [TestNG-tests-1] [Thread-43] - WebDriver instance is closed.
2026-05-18 10:16:13 [TestNG-tests-2] [Thread-44] - clicked an element-->Element with text: Logout
2026-05-18 10:16:14 [TestNG-tests-2] [Thread-44] - WebDriver instance is closed.
2026-05-18 13:39:52 [main] [Thread-1] - config.properties file loaded
2026-05-18 13:39:53 [TestNG-tests-2] [Thread-44] - Setting up WebDriver for: HomePageTest on browser: fireFox
2026-05-18 13:39:53 [TestNG-tests-1] [Thread-43] - Setting up WebDriver for: DBVerificationTest on browser: chrome
2026-05-18 13:39:55 [TestNG-tests-1] [Thread-43] - ChromeDriver Instance is created.
2026-05-18 13:39:57 [TestNG-tests-2] [Thread-44] - FirefoxDriver Instance is created.
2026-05-18 13:40:09 [TestNG-tests-1] [Thread-43] - WebDriver instance is created.
2026-05-18 13:40:11 [TestNG-tests-1] [Thread-43] - for test verifyEmployeeNameVerificationFromDB ActionDriver initialized for thread: 43
2026-05-18 13:40:12 [TestNG-tests-1] [Thread-43] - Applied the border with color green to element: Element with name: username
2026-05-18 13:40:12 [TestNG-tests-1] [Thread-43] - Entered text on Element with name: username-->Admin
2026-05-18 13:40:12 [TestNG-tests-1] [Thread-43] - Applied the border with color green to element: Element with name: password
2026-05-18 13:40:12 [TestNG-tests-1] [Thread-43] - Entered text on Element with name: password-->admin123
2026-05-18 13:40:12 [TestNG-tests-1] [Thread-43] - Applied the border with color green to element: Element with text: Login
2026-05-18 13:40:12 [TestNG-tests-1] [Thread-43] - clicked an element-->Element with text: Login
2026-05-18 13:40:12 [TestNG-tests-2] [Thread-44] - WebDriver instance is created.
2026-05-18 13:40:15 [TestNG-tests-2] [Thread-44] - for test verifyOrangeHRMLogo ActionDriver initialized for thread: 44
2026-05-18 13:40:15 [TestNG-tests-2] [Thread-44] - Applied the border with color green to element: Element with name: username
2026-05-18 13:40:15 [TestNG-tests-2] [Thread-44] - Entered text on Element with name: username-->Admin
2026-05-18 13:40:15 [TestNG-tests-2] [Thread-44] - Applied the border with color green to element: Element with name: password
2026-05-18 13:40:15 [TestNG-tests-2] [Thread-44] - Entered text on Element with name: password-->admin123
2026-05-18 13:40:15 [TestNG-tests-2] [Thread-44] - Applied the border with color green to element: Element with text: Login
2026-05-18 13:40:17 [TestNG-tests-1] [Thread-43] - Failed to apply the border to an element: no such element: Unable to locate element: {"method":"xpath","selector":"//span[text()='PIM']"}
  (Session info: chrome=148.0.7778.168)
For documentation on this error, please visit: https://www.selenium.dev/documentation/webdriver/troubleshooting/errors#no-such-element-exception
Build info: version: '4.27.0', revision: 'd6e718d134'
System info: os.name: 'Windows 11', os.arch: 'amd64', os.version: '10.0', java.version: '21.0.2'
Driver info: org.openqa.selenium.chrome.ChromeDriver
Command: [056b896955e626e3b9fdd5ba17c00b8b, findElement {using=xpath, value=//span[text()='PIM']}]
Capabilities {acceptInsecureCerts: false, browserName: chrome, browserVersion: 148.0.7778.168, chrome: {chromedriverVersion: 148.0.7778.167 (65db666ac2c..., userDataDir: C:\Users\cocoy\AppData\Loca...}, fedcm:accounts: true, goog:chromeOptions: {debuggerAddress: localhost:54974}, goog:processID: 7520, networkConnectionEnabled: false, pageLoadStrategy: normal, platformName: windows, proxy: Proxy(), se:cdp: ws://localhost:54974/devtoo..., se:cdpVersion: 148.0.7778.168, setWindowRect: true, strictFileInteractability: false, timeouts: {implicit: 0, pageLoad: 300000, script: 30000}, unhandledPromptBehavior: dismiss and notify, webauthn:extension:credBlob: true, webauthn:extension:largeBlob: true, webauthn:extension:minPinLength: true, webauthn:extension:prf: true, webauthn:virtualAuthenticators: true}
Session ID: 056b896955e626e3b9fdd5ba17c00b8b
2026-05-18 13:40:19 [TestNG-tests-2] [Thread-44] - clicked an element-->Element with text: Login
2026-05-18 13:40:21 [TestNG-tests-2] [Thread-44] - Applied the border with color green to element: Element located using: By.xpath: //div[@class='oxd-brand-banner']//img
2026-05-18 13:40:21 [TestNG-tests-2] [Thread-44] - Element is displayed Element located using: By.xpath: //div[@class='oxd-brand-banner']//img
2026-05-18 13:40:22 [TestNG-tests-2] [Thread-44] - Applied the border with color green to element: Element with text: Sumit Last_Name
2026-05-18 13:40:22 [TestNG-tests-2] [Thread-44] - clicked an element-->Element with text: Sumit Last_Name
2026-05-18 13:40:22 [TestNG-tests-2] [Thread-44] - Applied the border with color green to element: Element with text: Logout
2026-05-18 13:40:24 [TestNG-tests-1] [Thread-43] - clicked an element-->Unable to describe element due to error: no such element: Unable to locate element: {"method":"xpath","selector":"//span[text()='PIM']"}
  (Session info: chrome=148.0.7778.168)
For documentation on this error, please visit: https://www.selenium.dev/documentation/webdriver/troubleshooting/errors#no-such-element-exception
Build info: version: '4.27.0', revision: 'd6e718d134'
System info: os.name: 'Windows 11', os.arch: 'amd64', os.version: '10.0', java.version: '21.0.2'
Driver info: org.openqa.selenium.chrome.ChromeDriver
Command: [056b896955e626e3b9fdd5ba17c00b8b, findElement {using=xpath, value=//span[text()='PIM']}]
Capabilities {acceptInsecureCerts: false, browserName: chrome, browserVersion: 148.0.7778.168, chrome: {chromedriverVersion: 148.0.7778.167 (65db666ac2c..., userDataDir: C:\Users\cocoy\AppData\Loca...}, fedcm:accounts: true, goog:chromeOptions: {debuggerAddress: localhost:54974}, goog:processID: 7520, networkConnectionEnabled: false, pageLoadStrategy: normal, platformName: windows, proxy: Proxy(), se:cdp: ws://localhost:54974/devtoo..., se:cdpVersion: 148.0.7778.168, setWindowRect: true, strictFileInteractability: false, timeouts: {implicit: 0, pageLoad: 300000, script: 30000}, unhandledPromptBehavior: dismiss and notify, webauthn:extension:credBlob: true, webauthn:extension:largeBlob: true, webauthn:extension:minPinLength: true, webauthn:extension:prf: true, webauthn:virtualAuthenticators: true}
Session ID: 056b896955e626e3b9fdd5ba17c00b8b
2026-05-18 13:40:25 [TestNG-tests-1] [Thread-43] - Applied the border with color green to element: Element with placeholder: Type for hints...
2026-05-18 13:40:25 [TestNG-tests-1] [Thread-43] - Entered text on Element with placeholder: Type for hints...-->Hitendra
2026-05-18 13:40:25 [TestNG-tests-1] [Thread-43] - Applied the border with color green to element: Element with text: Search
2026-05-18 13:40:25 [TestNG-tests-1] [Thread-43] - clicked an element-->Element with text: Search
2026-05-18 13:40:25 [TestNG-tests-1] [Thread-43] - Failed to apply the border to an element: no such element: Unable to locate element: {"method":"xpath","selector":"//div[@class='oxd-table-card']/div/div[3]"}
  (Session info: chrome=148.0.7778.168)
For documentation on this error, please visit: https://www.selenium.dev/documentation/webdriver/troubleshooting/errors#no-such-element-exception
Build info: version: '4.27.0', revision: 'd6e718d134'
System info: os.name: 'Windows 11', os.arch: 'amd64', os.version: '10.0', java.version: '21.0.2'
Driver info: org.openqa.selenium.chrome.ChromeDriver
Command: [056b896955e626e3b9fdd5ba17c00b8b, findElement {using=xpath, value=//div[@class='oxd-table-card']/div/div[3]}]
Capabilities {acceptInsecureCerts: false, browserName: chrome, browserVersion: 148.0.7778.168, chrome: {chromedriverVersion: 148.0.7778.167 (65db666ac2c..., userDataDir: C:\Users\cocoy\AppData\Loca...}, fedcm:accounts: true, goog:chromeOptions: {debuggerAddress: localhost:54974}, goog:processID: 7520, networkConnectionEnabled: false, pageLoadStrategy: normal, platformName: windows, proxy: Proxy(), se:cdp: ws://localhost:54974/devtoo..., se:cdpVersion: 148.0.7778.168, setWindowRect: true, strictFileInteractability: false, timeouts: {implicit: 0, pageLoad: 300000, script: 30000}, unhandledPromptBehavior: dismiss and notify, webauthn:extension:credBlob: true, webauthn:extension:largeBlob: true, webauthn:extension:minPinLength: true, webauthn:extension:prf: true, webauthn:virtualAuthenticators: true}
Session ID: 056b896955e626e3b9fdd5ba17c00b8b
2026-05-18 13:40:25 [TestNG-tests-1] [Thread-43] - Failed to apply the border to an element: no such element: Unable to locate element: {"method":"xpath","selector":"//div[@class='oxd-table-card']/div/div[3]"}
  (Session info: chrome=148.0.7778.168)
For documentation on this error, please visit: https://www.selenium.dev/documentation/webdriver/troubleshooting/errors#no-such-element-exception
Build info: version: '4.27.0', revision: 'd6e718d134'
System info: os.name: 'Windows 11', os.arch: 'amd64', os.version: '10.0', java.version: '21.0.2'
Driver info: org.openqa.selenium.chrome.ChromeDriver
Command: [056b896955e626e3b9fdd5ba17c00b8b, findElement {using=xpath, value=//div[@class='oxd-table-card']/div/div[3]}]
Capabilities {acceptInsecureCerts: false, browserName: chrome, browserVersion: 148.0.7778.168, chrome: {chromedriverVersion: 148.0.7778.167 (65db666ac2c..., userDataDir: C:\Users\cocoy\AppData\Loca...}, fedcm:accounts: true, goog:chromeOptions: {debuggerAddress: localhost:54974}, goog:processID: 7520, networkConnectionEnabled: false, pageLoadStrategy: normal, platformName: windows, proxy: Proxy(), se:cdp: ws://localhost:54974/devtoo..., se:cdpVersion: 148.0.7778.168, setWindowRect: true, strictFileInteractability: false, timeouts: {implicit: 0, pageLoad: 300000, script: 30000}, unhandledPromptBehavior: dismiss and notify, webauthn:extension:credBlob: true, webauthn:extension:largeBlob: true, webauthn:extension:minPinLength: true, webauthn:extension:prf: true, webauthn:virtualAuthenticators: true}
Session ID: 056b896955e626e3b9fdd5ba17c00b8b
2026-05-18 13:40:26 [TestNG-tests-1] [Thread-43] - Starting DB Connection...
2026-05-18 13:40:26 [TestNG-tests-1] [Thread-43] - DB Connection Successful
2026-05-18 13:40:26 [TestNG-tests-1] [Thread-43] - Executing query: SELECT emp_firstname, emp_middle_name, emp_lastname FROM hs_hr_employee WHERE employee_id =1
2026-05-18 13:40:26 [TestNG-tests-1] [Thread-43] - Query Executed Successfully
2026-05-18 13:40:26 [TestNG-tests-1] [Thread-43] - Employee Data Fetched: {firstName=John paul, lastName=Chang, middleName=}
2026-05-18 13:40:26 [TestNG-tests-2] [Thread-44] - clicked an element-->Element with text: Logout
2026-05-18 13:40:27 [TestNG-tests-2] [Thread-44] - WebDriver instance is closed.
2026-05-18 13:40:57 [TestNG-tests-1] [Thread-43] - Failed to apply the border to an element: no such element: Unable to locate element: {"method":"xpath","selector":"//div[@class='oxd-table-card']/div/div[3]"}
  (Session info: chrome=148.0.7778.168)
For documentation on this error, please visit: https://www.selenium.dev/documentation/webdriver/troubleshooting/errors#no-such-element-exception
Build info: version: '4.27.0', revision: 'd6e718d134'
System info: os.name: 'Windows 11', os.arch: 'amd64', os.version: '10.0', java.version: '21.0.2'
Driver info: org.openqa.selenium.chrome.ChromeDriver
Command: [056b896955e626e3b9fdd5ba17c00b8b, findElement {using=xpath, value=//div[@class='oxd-table-card']/div/div[3]}]
Capabilities {acceptInsecureCerts: false, browserName: chrome, browserVersion: 148.0.7778.168, chrome: {chromedriverVersion: 148.0.7778.167 (65db666ac2c..., userDataDir: C:\Users\cocoy\AppData\Loca...}, fedcm:accounts: true, goog:chromeOptions: {debuggerAddress: localhost:54974}, goog:processID: 7520, networkConnectionEnabled: false, pageLoadStrategy: normal, platformName: windows, proxy: Proxy(), se:cdp: ws://localhost:54974/devtoo..., se:cdpVersion: 148.0.7778.168, setWindowRect: true, strictFileInteractability: false, timeouts: {implicit: 0, pageLoad: 300000, script: 30000}, unhandledPromptBehavior: dismiss and notify, webauthn:extension:credBlob: true, webauthn:extension:largeBlob: true, webauthn:extension:minPinLength: true, webauthn:extension:prf: true, webauthn:virtualAuthenticators: true}
Session ID: 056b896955e626e3b9fdd5ba17c00b8b
2026-05-18 13:44:03 [main] [Thread-1] - config.properties file loaded
2026-05-18 13:44:03 [TestNG-tests-2] [Thread-44] - Setting up WebDriver for: HomePageTest on browser: fireFox
2026-05-18 13:44:03 [TestNG-tests-1] [Thread-43] - Setting up WebDriver for: DBVerificationTest on browser: chrome
2026-05-18 13:44:05 [TestNG-tests-1] [Thread-43] - ChromeDriver Instance is created.
2026-05-18 13:44:07 [TestNG-tests-2] [Thread-44] - FirefoxDriver Instance is created.
2026-05-18 13:44:16 [TestNG-tests-1] [Thread-43] - WebDriver instance is created.
2026-05-18 13:44:18 [TestNG-tests-1] [Thread-43] - for test verifyEmployeeNameVerificationFromDB ActionDriver initialized for thread: 43
2026-05-18 13:44:18 [TestNG-tests-2] [Thread-44] - WebDriver instance is created.
2026-05-18 13:44:18 [TestNG-tests-1] [Thread-43] - Applied the border with color green to element: Element with name: username
2026-05-18 13:44:18 [TestNG-tests-1] [Thread-43] - Entered text on Element with name: username-->Admin
2026-05-18 13:44:18 [TestNG-tests-1] [Thread-43] - Applied the border with color green to element: Element with name: password
2026-05-18 13:44:18 [TestNG-tests-1] [Thread-43] - Entered text on Element with name: password-->admin123
2026-05-18 13:44:18 [TestNG-tests-1] [Thread-43] - Applied the border with color green to element: Element with text: Login
2026-05-18 13:44:18 [TestNG-tests-1] [Thread-43] - clicked an element-->Element with text: Login
2026-05-18 13:44:19 [TestNG-tests-1] [Thread-43] - Failed to apply the border to an element: no such element: Unable to locate element: {"method":"xpath","selector":"//span[text()='PIM']"}
  (Session info: chrome=148.0.7778.168)
For documentation on this error, please visit: https://www.selenium.dev/documentation/webdriver/troubleshooting/errors#no-such-element-exception
Build info: version: '4.27.0', revision: 'd6e718d134'
System info: os.name: 'Windows 11', os.arch: 'amd64', os.version: '10.0', java.version: '21.0.2'
Driver info: org.openqa.selenium.chrome.ChromeDriver
Command: [5c5dd70c1df220505c631c65617fb317, findElement {value=//span[text()='PIM'], using=xpath}]
Capabilities {acceptInsecureCerts: false, browserName: chrome, browserVersion: 148.0.7778.168, chrome: {chromedriverVersion: 148.0.7778.167 (65db666ac2c..., userDataDir: C:\Users\cocoy\AppData\Loca...}, fedcm:accounts: true, goog:chromeOptions: {debuggerAddress: localhost:65014}, goog:processID: 24148, networkConnectionEnabled: false, pageLoadStrategy: normal, platformName: windows, proxy: Proxy(), se:cdp: ws://localhost:65014/devtoo..., se:cdpVersion: 148.0.7778.168, setWindowRect: true, strictFileInteractability: false, timeouts: {implicit: 0, pageLoad: 300000, script: 30000}, unhandledPromptBehavior: dismiss and notify, webauthn:extension:credBlob: true, webauthn:extension:largeBlob: true, webauthn:extension:minPinLength: true, webauthn:extension:prf: true, webauthn:virtualAuthenticators: true}
Session ID: 5c5dd70c1df220505c631c65617fb317
2026-05-18 13:44:20 [TestNG-tests-2] [Thread-44] - for test verifyOrangeHRMLogo ActionDriver initialized for thread: 44
2026-05-18 13:44:20 [TestNG-tests-2] [Thread-44] - Applied the border with color green to element: Element with name: username
2026-05-18 13:44:20 [TestNG-tests-2] [Thread-44] - Entered text on Element with name: username-->cocoy
2026-05-18 13:44:20 [TestNG-tests-2] [Thread-44] - Applied the border with color green to element: Element with name: password
2026-05-18 13:44:20 [TestNG-tests-2] [Thread-44] - Entered text on Element with name: password-->Cocoy123!@#
2026-05-18 13:44:20 [TestNG-tests-2] [Thread-44] - Applied the border with color green to element: Element with text: Login
2026-05-18 13:44:21 [TestNG-tests-2] [Thread-44] - clicked an element-->Element with text: Login
2026-05-18 13:44:50 [TestNG-tests-1] [Thread-43] - Failed to apply the border to an element: no such element: Unable to locate element: {"method":"xpath","selector":"//span[text()='PIM']"}
  (Session info: chrome=148.0.7778.168)
For documentation on this error, please visit: https://www.selenium.dev/documentation/webdriver/troubleshooting/errors#no-such-element-exception
Build info: version: '4.27.0', revision: 'd6e718d134'
System info: os.name: 'Windows 11', os.arch: 'amd64', os.version: '10.0', java.version: '21.0.2'
Driver info: org.openqa.selenium.chrome.ChromeDriver
Command: [5c5dd70c1df220505c631c65617fb317, findElement {value=//span[text()='PIM'], using=xpath}]
Capabilities {acceptInsecureCerts: false, browserName: chrome, browserVersion: 148.0.7778.168, chrome: {chromedriverVersion: 148.0.7778.167 (65db666ac2c..., userDataDir: C:\Users\cocoy\AppData\Loca...}, fedcm:accounts: true, goog:chromeOptions: {debuggerAddress: localhost:65014}, goog:processID: 24148, networkConnectionEnabled: false, pageLoadStrategy: normal, platformName: windows, proxy: Proxy(), se:cdp: ws://localhost:65014/devtoo..., se:cdpVersion: 148.0.7778.168, setWindowRect: true, strictFileInteractability: false, timeouts: {implicit: 0, pageLoad: 300000, script: 30000}, unhandledPromptBehavior: dismiss and notify, webauthn:extension:credBlob: true, webauthn:extension:largeBlob: true, webauthn:extension:minPinLength: true, webauthn:extension:prf: true, webauthn:virtualAuthenticators: true}
Session ID: 5c5dd70c1df220505c631c65617fb317
2026-05-18 13:44:51 [TestNG-tests-2] [Thread-44] - Failed to apply the border to an element: Unable to locate element: //div[@class='oxd-brand-banner']//img
For documentation on this error, please visit: https://www.selenium.dev/documentation/webdriver/troubleshooting/errors#no-such-element-exception
Build info: version: '4.27.0', revision: 'd6e718d134'
System info: os.name: 'Windows 11', os.arch: 'amd64', os.version: '10.0', java.version: '21.0.2'
Driver info: org.openqa.selenium.firefox.FirefoxDriver
Command: [040df499-d4fd-46d3-b56b-30d83602be72, findElement {value=//div[@class='oxd-brand-banner']//img, using=xpath}]
Capabilities {acceptInsecureCerts: true, browserName: firefox, browserVersion: 150.0.3, moz:accessibilityChecks: false, moz:buildID: 20260511200624, moz:geckodriverVersion: 0.36.0, moz:headless: false, moz:platformVersion: 10.0, moz:processID: 29556, moz:profile: C:\Users\cocoy\AppData\Loca..., moz:shutdownTimeout: 60000, moz:webdriverClick: true, moz:windowless: false, pageLoadStrategy: normal, platformName: windows, proxy: Proxy(), setWindowRect: true, strictFileInteractability: false, timeouts: {implicit: 0, pageLoad: 300000, script: 30000}, unhandledPromptBehavior: dismiss and notify, userAgent: Mozilla/5.0 (Windows NT 10....}
Session ID: 040df499-d4fd-46d3-b56b-30d83602be72
2026-05-18 13:44:51 [TestNG-tests-2] [Thread-44] - Element is displayed Unable to describe element due to error: Unable to locate element: //div[@class='oxd-brand-banner']//img
For documentation on this error, please visit: https://www.selenium.dev/documentation/webdriver/troubleshooting/errors#no-such-element-exception
Build info: version: '4.27.0', revision: 'd6e718d134'
System info: os.name: 'Windows 11', os.arch: 'amd64', os.version: '10.0', java.version: '21.0.2'
Driver info: org.openqa.selenium.firefox.FirefoxDriver
Command: [040df499-d4fd-46d3-b56b-30d83602be72, findElement {value=//div[@class='oxd-brand-banner']//img, using=xpath}]
Capabilities {acceptInsecureCerts: true, browserName: firefox, browserVersion: 150.0.3, moz:accessibilityChecks: false, moz:buildID: 20260511200624, moz:geckodriverVersion: 0.36.0, moz:headless: false, moz:platformVersion: 10.0, moz:processID: 29556, moz:profile: C:\Users\cocoy\AppData\Loca..., moz:shutdownTimeout: 60000, moz:webdriverClick: true, moz:windowless: false, pageLoadStrategy: normal, platformName: windows, proxy: Proxy(), setWindowRect: true, strictFileInteractability: false, timeouts: {implicit: 0, pageLoad: 300000, script: 30000}, unhandledPromptBehavior: dismiss and notify, userAgent: Mozilla/5.0 (Windows NT 10....}
Session ID: 040df499-d4fd-46d3-b56b-30d83602be72
2026-05-18 13:44:51 [TestNG-tests-2] [Thread-44] - Failed to apply the border to an element: Unable to locate element: //div[@class='oxd-brand-banner']//img
For documentation on this error, please visit: https://www.selenium.dev/documentation/webdriver/troubleshooting/errors#no-such-element-exception
Build info: version: '4.27.0', revision: 'd6e718d134'
System info: os.name: 'Windows 11', os.arch: 'amd64', os.version: '10.0', java.version: '21.0.2'
Driver info: org.openqa.selenium.firefox.FirefoxDriver
Command: [040df499-d4fd-46d3-b56b-30d83602be72, findElement {value=//div[@class='oxd-brand-banner']//img, using=xpath}]
Capabilities {acceptInsecureCerts: true, browserName: firefox, browserVersion: 150.0.3, moz:accessibilityChecks: false, moz:buildID: 20260511200624, moz:geckodriverVersion: 0.36.0, moz:headless: false, moz:platformVersion: 10.0, moz:processID: 29556, moz:profile: C:\Users\cocoy\AppData\Loca..., moz:shutdownTimeout: 60000, moz:webdriverClick: true, moz:windowless: false, pageLoadStrategy: normal, platformName: windows, proxy: Proxy(), setWindowRect: true, strictFileInteractability: false, timeouts: {implicit: 0, pageLoad: 300000, script: 30000}, unhandledPromptBehavior: dismiss and notify, userAgent: Mozilla/5.0 (Windows NT 10....}
Session ID: 040df499-d4fd-46d3-b56b-30d83602be72
2026-05-18 13:44:52 [TestNG-tests-2] [Thread-44] - WebDriver instance is closed.
2026-05-18 13:44:52 [TestNG-tests-2] [Thread-44] - Setting up WebDriver for: HomePageTest on browser: fireFox
2026-05-18 13:44:55 [TestNG-tests-2] [Thread-44] - FirefoxDriver Instance is created.
2026-05-18 13:45:05 [TestNG-tests-2] [Thread-44] - WebDriver instance is created.
2026-05-18 13:45:07 [TestNG-tests-2] [Thread-44] - for test verifyOrangeHRMLogo ActionDriver initialized for thread: 44
2026-05-18 13:45:07 [TestNG-tests-2] [Thread-44] - Applied the border with color green to element: Element with name: username
2026-05-18 13:45:07 [TestNG-tests-2] [Thread-44] - Entered text on Element with name: username-->cocoy
2026-05-18 13:45:07 [TestNG-tests-2] [Thread-44] - Applied the border with color green to element: Element with name: password
2026-05-18 13:45:07 [TestNG-tests-2] [Thread-44] - Entered text on Element with name: password-->Cocoy123!@#
2026-05-18 13:45:07 [TestNG-tests-2] [Thread-44] - Applied the border with color green to element: Element with text: Login
2026-05-18 13:45:08 [TestNG-tests-2] [Thread-44] - clicked an element-->Element with text: Login
2026-05-18 13:45:20 [TestNG-tests-1] [Thread-43] - Failed to apply the border to an element: no such element: Unable to locate element: {"method":"xpath","selector":"//label[text()='Employee Name']/parent::div/following-sibling::div/div/div/input"}
  (Session info: chrome=148.0.7778.168)
For documentation on this error, please visit: https://www.selenium.dev/documentation/webdriver/troubleshooting/errors#no-such-element-exception
Build info: version: '4.27.0', revision: 'd6e718d134'
System info: os.name: 'Windows 11', os.arch: 'amd64', os.version: '10.0', java.version: '21.0.2'
Driver info: org.openqa.selenium.chrome.ChromeDriver
Command: [5c5dd70c1df220505c631c65617fb317, findElement {value=//label[text()='Employee Name']/parent::div/following-sibling::div/div/div/input, using=xpath}]
Capabilities {acceptInsecureCerts: false, browserName: chrome, browserVersion: 148.0.7778.168, chrome: {chromedriverVersion: 148.0.7778.167 (65db666ac2c..., userDataDir: C:\Users\cocoy\AppData\Loca...}, fedcm:accounts: true, goog:chromeOptions: {debuggerAddress: localhost:65014}, goog:processID: 24148, networkConnectionEnabled: false, pageLoadStrategy: normal, platformName: windows, proxy: Proxy(), se:cdp: ws://localhost:65014/devtoo..., se:cdpVersion: 148.0.7778.168, setWindowRect: true, strictFileInteractability: false, timeouts: {implicit: 0, pageLoad: 300000, script: 30000}, unhandledPromptBehavior: dismiss and notify, webauthn:extension:credBlob: true, webauthn:extension:largeBlob: true, webauthn:extension:minPinLength: true, webauthn:extension:prf: true, webauthn:virtualAuthenticators: true}
Session ID: 5c5dd70c1df220505c631c65617fb317
2026-05-18 13:45:20 [TestNG-tests-1] [Thread-43] - Failed to apply the border to an element: no such element: Unable to locate element: {"method":"xpath","selector":"//label[text()='Employee Name']/parent::div/following-sibling::div/div/div/input"}
  (Session info: chrome=148.0.7778.168)
For documentation on this error, please visit: https://www.selenium.dev/documentation/webdriver/troubleshooting/errors#no-such-element-exception
Build info: version: '4.27.0', revision: 'd6e718d134'
System info: os.name: 'Windows 11', os.arch: 'amd64', os.version: '10.0', java.version: '21.0.2'
Driver info: org.openqa.selenium.chrome.ChromeDriver
Command: [5c5dd70c1df220505c631c65617fb317, findElement {value=//label[text()='Employee Name']/parent::div/following-sibling::div/div/div/input, using=xpath}]
Capabilities {acceptInsecureCerts: false, browserName: chrome, browserVersion: 148.0.7778.168, chrome: {chromedriverVersion: 148.0.7778.167 (65db666ac2c..., userDataDir: C:\Users\cocoy\AppData\Loca...}, fedcm:accounts: true, goog:chromeOptions: {debuggerAddress: localhost:65014}, goog:processID: 24148, networkConnectionEnabled: false, pageLoadStrategy: normal, platformName: windows, proxy: Proxy(), se:cdp: ws://localhost:65014/devtoo..., se:cdpVersion: 148.0.7778.168, setWindowRect: true, strictFileInteractability: false, timeouts: {implicit: 0, pageLoad: 300000, script: 30000}, unhandledPromptBehavior: dismiss and notify, webauthn:extension:credBlob: true, webauthn:extension:largeBlob: true, webauthn:extension:minPinLength: true, webauthn:extension:prf: true, webauthn:virtualAuthenticators: true}
Session ID: 5c5dd70c1df220505c631c65617fb317
2026-05-18 13:45:20 [TestNG-tests-1] [Thread-43] - Applied the border with color green to element: Element with text: Login
2026-05-18 13:45:20 [TestNG-tests-1] [Thread-43] - clicked an element-->Element with text: Login
2026-05-18 13:45:20 [TestNG-tests-1] [Thread-43] - Failed to apply the border to an element: no such element: Unable to locate element: {"method":"xpath","selector":"//div[@class='oxd-table-card']/div/div[3]"}
  (Session info: chrome=148.0.7778.168)
For documentation on this error, please visit: https://www.selenium.dev/documentation/webdriver/troubleshooting/errors#no-such-element-exception
Build info: version: '4.27.0', revision: 'd6e718d134'
System info: os.name: 'Windows 11', os.arch: 'amd64', os.version: '10.0', java.version: '21.0.2'
Driver info: org.openqa.selenium.chrome.ChromeDriver
Command: [5c5dd70c1df220505c631c65617fb317, findElement {value=//div[@class='oxd-table-card']/div/div[3], using=xpath}]
Capabilities {acceptInsecureCerts: false, browserName: chrome, browserVersion: 148.0.7778.168, chrome: {chromedriverVersion: 148.0.7778.167 (65db666ac2c..., userDataDir: C:\Users\cocoy\AppData\Loca...}, fedcm:accounts: true, goog:chromeOptions: {debuggerAddress: localhost:65014}, goog:processID: 24148, networkConnectionEnabled: false, pageLoadStrategy: normal, platformName: windows, proxy: Proxy(), se:cdp: ws://localhost:65014/devtoo..., se:cdpVersion: 148.0.7778.168, setWindowRect: true, strictFileInteractability: false, timeouts: {implicit: 0, pageLoad: 300000, script: 30000}, unhandledPromptBehavior: dismiss and notify, webauthn:extension:credBlob: true, webauthn:extension:largeBlob: true, webauthn:extension:minPinLength: true, webauthn:extension:prf: true, webauthn:virtualAuthenticators: true}
Session ID: 5c5dd70c1df220505c631c65617fb317
2026-05-18 13:45:20 [TestNG-tests-1] [Thread-43] - Failed to apply the border to an element: no such element: Unable to locate element: {"method":"xpath","selector":"//div[@class='oxd-table-card']/div/div[3]"}
  (Session info: chrome=148.0.7778.168)
For documentation on this error, please visit: https://www.selenium.dev/documentation/webdriver/troubleshooting/errors#no-such-element-exception
Build info: version: '4.27.0', revision: 'd6e718d134'
System info: os.name: 'Windows 11', os.arch: 'amd64', os.version: '10.0', java.version: '21.0.2'
Driver info: org.openqa.selenium.chrome.ChromeDriver
Command: [5c5dd70c1df220505c631c65617fb317, findElement {value=//div[@class='oxd-table-card']/div/div[3], using=xpath}]
Capabilities {acceptInsecureCerts: false, browserName: chrome, browserVersion: 148.0.7778.168, chrome: {chromedriverVersion: 148.0.7778.167 (65db666ac2c..., userDataDir: C:\Users\cocoy\AppData\Loca...}, fedcm:accounts: true, goog:chromeOptions: {debuggerAddress: localhost:65014}, goog:processID: 24148, networkConnectionEnabled: false, pageLoadStrategy: normal, platformName: windows, proxy: Proxy(), se:cdp: ws://localhost:65014/devtoo..., se:cdpVersion: 148.0.7778.168, setWindowRect: true, strictFileInteractability: false, timeouts: {implicit: 0, pageLoad: 300000, script: 30000}, unhandledPromptBehavior: dismiss and notify, webauthn:extension:credBlob: true, webauthn:extension:largeBlob: true, webauthn:extension:minPinLength: true, webauthn:extension:prf: true, webauthn:virtualAuthenticators: true}
Session ID: 5c5dd70c1df220505c631c65617fb317
2026-05-18 13:45:21 [TestNG-tests-1] [Thread-43] - Starting DB Connection...
2026-05-18 13:45:21 [TestNG-tests-1] [Thread-43] - DB Connection Successful
2026-05-18 13:45:21 [TestNG-tests-1] [Thread-43] - Executing query: SELECT emp_firstname, emp_middle_name, emp_lastname FROM hs_hr_employee WHERE employee_id =4
2026-05-18 13:45:38 [TestNG-tests-2] [Thread-44] - Failed to apply the border to an element: Unable to locate element: //div[@class='oxd-brand-banner']//img
For documentation on this error, please visit: https://www.selenium.dev/documentation/webdriver/troubleshooting/errors#no-such-element-exception
Build info: version: '4.27.0', revision: 'd6e718d134'
System info: os.name: 'Windows 11', os.arch: 'amd64', os.version: '10.0', java.version: '21.0.2'
Driver info: org.openqa.selenium.firefox.FirefoxDriver
Command: [aef486f0-55db-4db7-b0e2-69ebbe7f60fd, findElement {value=//div[@class='oxd-brand-banner']//img, using=xpath}]
Capabilities {acceptInsecureCerts: true, browserName: firefox, browserVersion: 150.0.3, moz:accessibilityChecks: false, moz:buildID: 20260511200624, moz:geckodriverVersion: 0.36.0, moz:headless: false, moz:platformVersion: 10.0, moz:processID: 34080, moz:profile: C:\Users\cocoy\AppData\Loca..., moz:shutdownTimeout: 60000, moz:webdriverClick: true, moz:windowless: false, pageLoadStrategy: normal, platformName: windows, proxy: Proxy(), setWindowRect: true, strictFileInteractability: false, timeouts: {implicit: 0, pageLoad: 300000, script: 30000}, unhandledPromptBehavior: dismiss and notify, userAgent: Mozilla/5.0 (Windows NT 10....}
Session ID: aef486f0-55db-4db7-b0e2-69ebbe7f60fd
2026-05-18 13:45:38 [TestNG-tests-2] [Thread-44] - Element is displayed Unable to describe element due to error: Unable to locate element: //div[@class='oxd-brand-banner']//img
For documentation on this error, please visit: https://www.selenium.dev/documentation/webdriver/troubleshooting/errors#no-such-element-exception
Build info: version: '4.27.0', revision: 'd6e718d134'
System info: os.name: 'Windows 11', os.arch: 'amd64', os.version: '10.0', java.version: '21.0.2'
Driver info: org.openqa.selenium.firefox.FirefoxDriver
Command: [aef486f0-55db-4db7-b0e2-69ebbe7f60fd, findElement {value=//div[@class='oxd-brand-banner']//img, using=xpath}]
Capabilities {acceptInsecureCerts: true, browserName: firefox, browserVersion: 150.0.3, moz:accessibilityChecks: false, moz:buildID: 20260511200624, moz:geckodriverVersion: 0.36.0, moz:headless: false, moz:platformVersion: 10.0, moz:processID: 34080, moz:profile: C:\Users\cocoy\AppData\Loca..., moz:shutdownTimeout: 60000, moz:webdriverClick: true, moz:windowless: false, pageLoadStrategy: normal, platformName: windows, proxy: Proxy(), setWindowRect: true, strictFileInteractability: false, timeouts: {implicit: 0, pageLoad: 300000, script: 30000}, unhandledPromptBehavior: dismiss and notify, userAgent: Mozilla/5.0 (Windows NT 10....}
Session ID: aef486f0-55db-4db7-b0e2-69ebbe7f60fd
2026-05-18 13:45:38 [TestNG-tests-2] [Thread-44] - Failed to apply the border to an element: Unable to locate element: //div[@class='oxd-brand-banner']//img
For documentation on this error, please visit: https://www.selenium.dev/documentation/webdriver/troubleshooting/errors#no-such-element-exception
Build info: version: '4.27.0', revision: 'd6e718d134'
System info: os.name: 'Windows 11', os.arch: 'amd64', os.version: '10.0', java.version: '21.0.2'
Driver info: org.openqa.selenium.firefox.FirefoxDriver
Command: [aef486f0-55db-4db7-b0e2-69ebbe7f60fd, findElement {value=//div[@class='oxd-brand-banner']//img, using=xpath}]
Capabilities {acceptInsecureCerts: true, browserName: firefox, browserVersion: 150.0.3, moz:accessibilityChecks: false, moz:buildID: 20260511200624, moz:geckodriverVersion: 0.36.0, moz:headless: false, moz:platformVersion: 10.0, moz:processID: 34080, moz:profile: C:\Users\cocoy\AppData\Loca..., moz:shutdownTimeout: 60000, moz:webdriverClick: true, moz:windowless: false, pageLoadStrategy: normal, platformName: windows, proxy: Proxy(), setWindowRect: true, strictFileInteractability: false, timeouts: {implicit: 0, pageLoad: 300000, script: 30000}, unhandledPromptBehavior: dismiss and notify, userAgent: Mozilla/5.0 (Windows NT 10....}
Session ID: aef486f0-55db-4db7-b0e2-69ebbe7f60fd
2026-05-18 13:45:39 [TestNG-tests-2] [Thread-44] - WebDriver instance is closed.
2026-05-18 13:45:39 [TestNG-tests-2] [Thread-44] - Setting up WebDriver for: HomePageTest on browser: fireFox
2026-05-18 13:45:42 [TestNG-tests-2] [Thread-44] - FirefoxDriver Instance is created.
2026-05-18 13:45:52 [TestNG-tests-1] [Thread-43] - Failed to apply the border to an element: no such element: Unable to locate element: {"method":"xpath","selector":"//div[@class='oxd-table-card']/div/div[3]"}
  (Session info: chrome=148.0.7778.168)
For documentation on this error, please visit: https://www.selenium.dev/documentation/webdriver/troubleshooting/errors#no-such-element-exception
Build info: version: '4.27.0', revision: 'd6e718d134'
System info: os.name: 'Windows 11', os.arch: 'amd64', os.version: '10.0', java.version: '21.0.2'
Driver info: org.openqa.selenium.chrome.ChromeDriver
Command: [5c5dd70c1df220505c631c65617fb317, findElement {value=//div[@class='oxd-table-card']/div/div[3], using=xpath}]
Capabilities {acceptInsecureCerts: false, browserName: chrome, browserVersion: 148.0.7778.168, chrome: {chromedriverVersion: 148.0.7778.167 (65db666ac2c..., userDataDir: C:\Users\cocoy\AppData\Loca...}, fedcm:accounts: true, goog:chromeOptions: {debuggerAddress: localhost:65014}, goog:processID: 24148, networkConnectionEnabled: false, pageLoadStrategy: normal, platformName: windows, proxy: Proxy(), se:cdp: ws://localhost:65014/devtoo..., se:cdpVersion: 148.0.7778.168, setWindowRect: true, strictFileInteractability: false, timeouts: {implicit: 0, pageLoad: 300000, script: 30000}, unhandledPromptBehavior: dismiss and notify, webauthn:extension:credBlob: true, webauthn:extension:largeBlob: true, webauthn:extension:minPinLength: true, webauthn:extension:prf: true, webauthn:virtualAuthenticators: true}
Session ID: 5c5dd70c1df220505c631c65617fb317
2026-05-18 13:45:52 [TestNG-tests-2] [Thread-44] - WebDriver instance is created.
2026-05-18 13:45:54 [TestNG-tests-2] [Thread-44] - for test verifyOrangeHRMLogo ActionDriver initialized for thread: 44
2026-05-18 13:45:54 [TestNG-tests-2] [Thread-44] - Applied the border with color green to element: Element with name: username
2026-05-18 13:45:54 [TestNG-tests-2] [Thread-44] - Entered text on Element with name: username-->cocoy
2026-05-18 13:45:54 [TestNG-tests-2] [Thread-44] - Applied the border with color green to element: Element with name: password
2026-05-18 13:45:54 [TestNG-tests-2] [Thread-44] - Entered text on Element with name: password-->Cocoy123!@#
2026-05-18 13:45:54 [TestNG-tests-2] [Thread-44] - Applied the border with color green to element: Element with text: Login
2026-05-18 13:45:55 [TestNG-tests-2] [Thread-44] - clicked an element-->Element with text: Login
2026-05-18 13:51:36 [main] [Thread-1] - config.properties file loaded
2026-05-18 13:51:36 [TestNG-tests-2] [Thread-43] - Setting up WebDriver for: HomePageTest on browser: fireFox
2026-05-18 13:51:36 [TestNG-tests-1] [Thread-42] - Setting up WebDriver for: DBVerificationTest on browser: chrome
2026-05-18 13:51:38 [TestNG-tests-1] [Thread-42] - ChromeDriver Instance is created.
2026-05-18 13:51:41 [TestNG-tests-2] [Thread-43] - FirefoxDriver Instance is created.
2026-05-18 13:51:49 [TestNG-tests-1] [Thread-42] - WebDriver instance is created.
2026-05-18 13:51:51 [TestNG-tests-1] [Thread-42] - for test verifyEmployeeNameVerificationFromDB ActionDriver initialized for thread: 42
2026-05-18 13:51:51 [TestNG-tests-1] [Thread-42] - Applied the border with color green to element: Element with name: username
2026-05-18 13:51:52 [TestNG-tests-1] [Thread-42] - Entered text on Element with name: username-->Admin
2026-05-18 13:51:52 [TestNG-tests-1] [Thread-42] - Applied the border with color green to element: Element with name: password
2026-05-18 13:51:52 [TestNG-tests-2] [Thread-43] - WebDriver instance is created.
2026-05-18 13:51:52 [TestNG-tests-1] [Thread-42] - Entered text on Element with name: password-->admin123
2026-05-18 13:51:52 [TestNG-tests-1] [Thread-42] - Applied the border with color green to element: Element with text: Login
2026-05-18 13:51:53 [TestNG-tests-1] [Thread-42] - clicked an element-->Element with text: Login
2026-05-18 13:51:53 [TestNG-tests-1] [Thread-42] - Failed to apply the border to an element: no such element: Unable to locate element: {"method":"xpath","selector":"//span[text()='PIM']"}
  (Session info: chrome=148.0.7778.168)
For documentation on this error, please visit: https://www.selenium.dev/documentation/webdriver/troubleshooting/errors#no-such-element-exception
Build info: version: '4.27.0', revision: 'd6e718d134'
System info: os.name: 'Windows 11', os.arch: 'amd64', os.version: '10.0', java.version: '21.0.2'
Driver info: org.openqa.selenium.chrome.ChromeDriver
Command: [050e9b0d2713f4b89732ae8740266ab4, findElement {using=xpath, value=//span[text()='PIM']}]
Capabilities {acceptInsecureCerts: false, browserName: chrome, browserVersion: 148.0.7778.168, chrome: {chromedriverVersion: 148.0.7778.167 (65db666ac2c..., userDataDir: C:\Users\cocoy\AppData\Loca...}, fedcm:accounts: true, goog:chromeOptions: {debuggerAddress: localhost:51453}, goog:processID: 30932, networkConnectionEnabled: false, pageLoadStrategy: normal, platformName: windows, proxy: Proxy(), se:cdp: ws://localhost:51453/devtoo..., se:cdpVersion: 148.0.7778.168, setWindowRect: true, strictFileInteractability: false, timeouts: {implicit: 0, pageLoad: 300000, script: 30000}, unhandledPromptBehavior: dismiss and notify, webauthn:extension:credBlob: true, webauthn:extension:largeBlob: true, webauthn:extension:minPinLength: true, webauthn:extension:prf: true, webauthn:virtualAuthenticators: true}
Session ID: 050e9b0d2713f4b89732ae8740266ab4
2026-05-18 13:51:54 [TestNG-tests-2] [Thread-43] - for test verifyOrangeHRMLogo ActionDriver initialized for thread: 43
2026-05-18 13:51:54 [TestNG-tests-2] [Thread-43] - Applied the border with color green to element: Element with name: username
2026-05-18 13:51:54 [TestNG-tests-2] [Thread-43] - Entered text on Element with name: username-->admin
2026-05-18 13:51:54 [TestNG-tests-2] [Thread-43] - Applied the border with color green to element: Element with name: password
2026-05-18 13:51:54 [TestNG-tests-2] [Thread-43] - Entered text on Element with name: password-->Cocoy123!@#
2026-05-18 13:51:54 [TestNG-tests-2] [Thread-43] - Applied the border with color green to element: Element with text: Login
2026-05-18 13:51:55 [TestNG-tests-2] [Thread-43] - clicked an element-->Element with text: Login
2026-05-18 13:51:56 [TestNG-tests-2] [Thread-43] - Applied the border with color green to element: Element located using: By.xpath: //div[@class='oxd-brand-banner']//img
2026-05-18 13:51:56 [TestNG-tests-2] [Thread-43] - Element is displayed Element located using: By.xpath: //div[@class='oxd-brand-banner']//img
2026-05-18 13:51:56 [TestNG-tests-2] [Thread-43] - Applied the border with color green to element: Element with text: John paul Chang
2026-05-18 13:51:56 [TestNG-tests-2] [Thread-43] - clicked an element-->Element with text: John paul Chang
2026-05-18 13:51:56 [TestNG-tests-2] [Thread-43] - Applied the border with color green to element: Element with text: Logout
2026-05-18 13:51:57 [TestNG-tests-2] [Thread-43] - clicked an element-->Element with text: Logout
2026-05-18 13:51:58 [TestNG-tests-2] [Thread-43] - WebDriver instance is closed.
2026-05-18 13:52:23 [TestNG-tests-1] [Thread-42] - Failed to apply the border to an element: no such element: Unable to locate element: {"method":"xpath","selector":"//span[text()='PIM']"}
  (Session info: chrome=148.0.7778.168)
For documentation on this error, please visit: https://www.selenium.dev/documentation/webdriver/troubleshooting/errors#no-such-element-exception
Build info: version: '4.27.0', revision: 'd6e718d134'
System info: os.name: 'Windows 11', os.arch: 'amd64', os.version: '10.0', java.version: '21.0.2'
Driver info: org.openqa.selenium.chrome.ChromeDriver
Command: [050e9b0d2713f4b89732ae8740266ab4, findElement {using=xpath, value=//span[text()='PIM']}]
Capabilities {acceptInsecureCerts: false, browserName: chrome, browserVersion: 148.0.7778.168, chrome: {chromedriverVersion: 148.0.7778.167 (65db666ac2c..., userDataDir: C:\Users\cocoy\AppData\Loca...}, fedcm:accounts: true, goog:chromeOptions: {debuggerAddress: localhost:51453}, goog:processID: 30932, networkConnectionEnabled: false, pageLoadStrategy: normal, platformName: windows, proxy: Proxy(), se:cdp: ws://localhost:51453/devtoo..., se:cdpVersion: 148.0.7778.168, setWindowRect: true, strictFileInteractability: false, timeouts: {implicit: 0, pageLoad: 300000, script: 30000}, unhandledPromptBehavior: dismiss and notify, webauthn:extension:credBlob: true, webauthn:extension:largeBlob: true, webauthn:extension:minPinLength: true, webauthn:extension:prf: true, webauthn:virtualAuthenticators: true}
Session ID: 050e9b0d2713f4b89732ae8740266ab4
2026-05-18 13:52:53 [TestNG-tests-1] [Thread-42] - Failed to apply the border to an element: no such element: Unable to locate element: {"method":"xpath","selector":"//label[text()='Employee Name']/parent::div/following-sibling::div/div/div/input"}
  (Session info: chrome=148.0.7778.168)
For documentation on this error, please visit: https://www.selenium.dev/documentation/webdriver/troubleshooting/errors#no-such-element-exception
Build info: version: '4.27.0', revision: 'd6e718d134'
System info: os.name: 'Windows 11', os.arch: 'amd64', os.version: '10.0', java.version: '21.0.2'
Driver info: org.openqa.selenium.chrome.ChromeDriver
Command: [050e9b0d2713f4b89732ae8740266ab4, findElement {using=xpath, value=//label[text()='Employee Name']/parent::div/following-sibling::div/div/div/input}]
Capabilities {acceptInsecureCerts: false, browserName: chrome, browserVersion: 148.0.7778.168, chrome: {chromedriverVersion: 148.0.7778.167 (65db666ac2c..., userDataDir: C:\Users\cocoy\AppData\Loca...}, fedcm:accounts: true, goog:chromeOptions: {debuggerAddress: localhost:51453}, goog:processID: 30932, networkConnectionEnabled: false, pageLoadStrategy: normal, platformName: windows, proxy: Proxy(), se:cdp: ws://localhost:51453/devtoo..., se:cdpVersion: 148.0.7778.168, setWindowRect: true, strictFileInteractability: false, timeouts: {implicit: 0, pageLoad: 300000, script: 30000}, unhandledPromptBehavior: dismiss and notify, webauthn:extension:credBlob: true, webauthn:extension:largeBlob: true, webauthn:extension:minPinLength: true, webauthn:extension:prf: true, webauthn:virtualAuthenticators: true}
Session ID: 050e9b0d2713f4b89732ae8740266ab4
2026-05-18 13:52:54 [TestNG-tests-1] [Thread-42] - Failed to apply the border to an element: no such element: Unable to locate element: {"method":"xpath","selector":"//label[text()='Employee Name']/parent::div/following-sibling::div/div/div/input"}
  (Session info: chrome=148.0.7778.168)
For documentation on this error, please visit: https://www.selenium.dev/documentation/webdriver/troubleshooting/errors#no-such-element-exception
Build info: version: '4.27.0', revision: 'd6e718d134'
System info: os.name: 'Windows 11', os.arch: 'amd64', os.version: '10.0', java.version: '21.0.2'
Driver info: org.openqa.selenium.chrome.ChromeDriver
Command: [050e9b0d2713f4b89732ae8740266ab4, findElement {using=xpath, value=//label[text()='Employee Name']/parent::div/following-sibling::div/div/div/input}]
Capabilities {acceptInsecureCerts: false, browserName: chrome, browserVersion: 148.0.7778.168, chrome: {chromedriverVersion: 148.0.7778.167 (65db666ac2c..., userDataDir: C:\Users\cocoy\AppData\Loca...}, fedcm:accounts: true, goog:chromeOptions: {debuggerAddress: localhost:51453}, goog:processID: 30932, networkConnectionEnabled: false, pageLoadStrategy: normal, platformName: windows, proxy: Proxy(), se:cdp: ws://localhost:51453/devtoo..., se:cdpVersion: 148.0.7778.168, setWindowRect: true, strictFileInteractability: false, timeouts: {implicit: 0, pageLoad: 300000, script: 30000}, unhandledPromptBehavior: dismiss and notify, webauthn:extension:credBlob: true, webauthn:extension:largeBlob: true, webauthn:extension:minPinLength: true, webauthn:extension:prf: true, webauthn:virtualAuthenticators: true}
Session ID: 050e9b0d2713f4b89732ae8740266ab4
2026-05-18 13:52:54 [TestNG-tests-1] [Thread-42] - Applied the border with color green to element: Element with text: Login
2026-05-18 13:52:54 [TestNG-tests-1] [Thread-42] - clicked an element-->Element with text: Login
2026-05-18 13:52:54 [TestNG-tests-1] [Thread-42] - Failed to apply the border to an element: no such element: Unable to locate element: {"method":"xpath","selector":"//div[@class='oxd-table-card']/div/div[3]"}
  (Session info: chrome=148.0.7778.168)
For documentation on this error, please visit: https://www.selenium.dev/documentation/webdriver/troubleshooting/errors#no-such-element-exception
Build info: version: '4.27.0', revision: 'd6e718d134'
System info: os.name: 'Windows 11', os.arch: 'amd64', os.version: '10.0', java.version: '21.0.2'
Driver info: org.openqa.selenium.chrome.ChromeDriver
Command: [050e9b0d2713f4b89732ae8740266ab4, findElement {using=xpath, value=//div[@class='oxd-table-card']/div/div[3]}]
Capabilities {acceptInsecureCerts: false, browserName: chrome, browserVersion: 148.0.7778.168, chrome: {chromedriverVersion: 148.0.7778.167 (65db666ac2c..., userDataDir: C:\Users\cocoy\AppData\Loca...}, fedcm:accounts: true, goog:chromeOptions: {debuggerAddress: localhost:51453}, goog:processID: 30932, networkConnectionEnabled: false, pageLoadStrategy: normal, platformName: windows, proxy: Proxy(), se:cdp: ws://localhost:51453/devtoo..., se:cdpVersion: 148.0.7778.168, setWindowRect: true, strictFileInteractability: false, timeouts: {implicit: 0, pageLoad: 300000, script: 30000}, unhandledPromptBehavior: dismiss and notify, webauthn:extension:credBlob: true, webauthn:extension:largeBlob: true, webauthn:extension:minPinLength: true, webauthn:extension:prf: true, webauthn:virtualAuthenticators: true}
Session ID: 050e9b0d2713f4b89732ae8740266ab4
2026-05-18 13:52:54 [TestNG-tests-1] [Thread-42] - Failed to apply the border to an element: no such element: Unable to locate element: {"method":"xpath","selector":"//div[@class='oxd-table-card']/div/div[3]"}
  (Session info: chrome=148.0.7778.168)
For documentation on this error, please visit: https://www.selenium.dev/documentation/webdriver/troubleshooting/errors#no-such-element-exception
Build info: version: '4.27.0', revision: 'd6e718d134'
System info: os.name: 'Windows 11', os.arch: 'amd64', os.version: '10.0', java.version: '21.0.2'
Driver info: org.openqa.selenium.chrome.ChromeDriver
Command: [050e9b0d2713f4b89732ae8740266ab4, findElement {using=xpath, value=//div[@class='oxd-table-card']/div/div[3]}]
Capabilities {acceptInsecureCerts: false, browserName: chrome, browserVersion: 148.0.7778.168, chrome: {chromedriverVersion: 148.0.7778.167 (65db666ac2c..., userDataDir: C:\Users\cocoy\AppData\Loca...}, fedcm:accounts: true, goog:chromeOptions: {debuggerAddress: localhost:51453}, goog:processID: 30932, networkConnectionEnabled: false, pageLoadStrategy: normal, platformName: windows, proxy: Proxy(), se:cdp: ws://localhost:51453/devtoo..., se:cdpVersion: 148.0.7778.168, setWindowRect: true, strictFileInteractability: false, timeouts: {implicit: 0, pageLoad: 300000, script: 30000}, unhandledPromptBehavior: dismiss and notify, webauthn:extension:credBlob: true, webauthn:extension:largeBlob: true, webauthn:extension:minPinLength: true, webauthn:extension:prf: true, webauthn:virtualAuthenticators: true}
Session ID: 050e9b0d2713f4b89732ae8740266ab4
2026-05-18 13:52:55 [TestNG-tests-1] [Thread-42] - Starting DB Connection...
2026-05-18 13:52:55 [TestNG-tests-1] [Thread-42] - DB Connection Successful
2026-05-18 13:52:55 [TestNG-tests-1] [Thread-42] - Executing query: SELECT emp_firstname, emp_middle_name, emp_lastname FROM hs_hr_employee WHERE employee_id =4
2026-05-18 13:53:26 [TestNG-tests-1] [Thread-42] - Failed to apply the border to an element: no such element: Unable to locate element: {"method":"xpath","selector":"//div[@class='oxd-table-card']/div/div[3]"}
  (Session info: chrome=148.0.7778.168)
For documentation on this error, please visit: https://www.selenium.dev/documentation/webdriver/troubleshooting/errors#no-such-element-exception
Build info: version: '4.27.0', revision: 'd6e718d134'
System info: os.name: 'Windows 11', os.arch: 'amd64', os.version: '10.0', java.version: '21.0.2'
Driver info: org.openqa.selenium.chrome.ChromeDriver
Command: [050e9b0d2713f4b89732ae8740266ab4, findElement {using=xpath, value=//div[@class='oxd-table-card']/div/div[3]}]
Capabilities {acceptInsecureCerts: false, browserName: chrome, browserVersion: 148.0.7778.168, chrome: {chromedriverVersion: 148.0.7778.167 (65db666ac2c..., userDataDir: C:\Users\cocoy\AppData\Loca...}, fedcm:accounts: true, goog:chromeOptions: {debuggerAddress: localhost:51453}, goog:processID: 30932, networkConnectionEnabled: false, pageLoadStrategy: normal, platformName: windows, proxy: Proxy(), se:cdp: ws://localhost:51453/devtoo..., se:cdpVersion: 148.0.7778.168, setWindowRect: true, strictFileInteractability: false, timeouts: {implicit: 0, pageLoad: 300000, script: 30000}, unhandledPromptBehavior: dismiss and notify, webauthn:extension:credBlob: true, webauthn:extension:largeBlob: true, webauthn:extension:minPinLength: true, webauthn:extension:prf: true, webauthn:virtualAuthenticators: true}
Session ID: 050e9b0d2713f4b89732ae8740266ab4
2026-05-18 13:53:56 [TestNG-tests-1] [Thread-42] - Failed to apply the border to an element: no such element: Unable to locate element: {"method":"xpath","selector":"//div[@class='oxd-table-card']/div/div[4]"}
  (Session info: chrome=148.0.7778.168)
For documentation on this error, please visit: https://www.selenium.dev/documentation/webdriver/troubleshooting/errors#no-such-element-exception
Build info: version: '4.27.0', revision: 'd6e718d134'
System info: os.name: 'Windows 11', os.arch: 'amd64', os.version: '10.0', java.version: '21.0.2'
Driver info: org.openqa.selenium.chrome.ChromeDriver
Command: [050e9b0d2713f4b89732ae8740266ab4, findElement {using=xpath, value=//div[@class='oxd-table-card']/div/div[4]}]
Capabilities {acceptInsecureCerts: false, browserName: chrome, browserVersion: 148.0.7778.168, chrome: {chromedriverVersion: 148.0.7778.167 (65db666ac2c..., userDataDir: C:\Users\cocoy\AppData\Loca...}, fedcm:accounts: true, goog:chromeOptions: {debuggerAddress: localhost:51453}, goog:processID: 30932, networkConnectionEnabled: false, pageLoadStrategy: normal, platformName: windows, proxy: Proxy(), se:cdp: ws://localhost:51453/devtoo..., se:cdpVersion: 148.0.7778.168, setWindowRect: true, strictFileInteractability: false, timeouts: {implicit: 0, pageLoad: 300000, script: 30000}, unhandledPromptBehavior: dismiss and notify, webauthn:extension:credBlob: true, webauthn:extension:largeBlob: true, webauthn:extension:minPinLength: true, webauthn:extension:prf: true, webauthn:virtualAuthenticators: true}
Session ID: 050e9b0d2713f4b89732ae8740266ab4
2026-05-18 13:53:56 [TestNG-tests-1] [Thread-42] - WebDriver instance is closed.
2026-05-18 13:53:56 [TestNG-tests-1] [Thread-42] - Setting up WebDriver for: DBVerificationTest on browser: chrome
2026-05-18 13:53:57 [TestNG-tests-1] [Thread-42] - ChromeDriver Instance is created.
2026-05-18 13:54:08 [TestNG-tests-1] [Thread-42] - WebDriver instance is created.
2026-05-18 13:54:10 [TestNG-tests-1] [Thread-42] - for test verifyEmployeeNameVerificationFromDB ActionDriver initialized for thread: 42
2026-05-18 13:54:10 [TestNG-tests-1] [Thread-42] - Applied the border with color green to element: Element with name: username
2026-05-18 13:54:10 [TestNG-tests-1] [Thread-42] - Entered text on Element with name: username-->Admin
2026-05-18 13:54:10 [TestNG-tests-1] [Thread-42] - Applied the border with color green to element: Element with name: password
2026-05-18 13:54:10 [TestNG-tests-1] [Thread-42] - Entered text on Element with name: password-->admin123
2026-05-18 13:54:10 [TestNG-tests-1] [Thread-42] - Applied the border with color green to element: Element with text: Login
2026-05-18 13:54:10 [TestNG-tests-1] [Thread-42] - clicked an element-->Element with text: Login
2026-05-18 13:54:11 [TestNG-tests-1] [Thread-42] - Failed to apply the border to an element: no such element: Unable to locate element: {"method":"xpath","selector":"//span[text()='PIM']"}
  (Session info: chrome=148.0.7778.168)
For documentation on this error, please visit: https://www.selenium.dev/documentation/webdriver/troubleshooting/errors#no-such-element-exception
Build info: version: '4.27.0', revision: 'd6e718d134'
System info: os.name: 'Windows 11', os.arch: 'amd64', os.version: '10.0', java.version: '21.0.2'
Driver info: org.openqa.selenium.chrome.ChromeDriver
Command: [dd064276cc44503e23a31ecd9a30257e, findElement {using=xpath, value=//span[text()='PIM']}]
Capabilities {acceptInsecureCerts: false, browserName: chrome, browserVersion: 148.0.7778.168, chrome: {chromedriverVersion: 148.0.7778.167 (65db666ac2c..., userDataDir: C:\Users\cocoy\AppData\Loca...}, fedcm:accounts: true, goog:chromeOptions: {debuggerAddress: localhost:50576}, goog:processID: 24852, networkConnectionEnabled: false, pageLoadStrategy: normal, platformName: windows, proxy: Proxy(), se:cdp: ws://localhost:50576/devtoo..., se:cdpVersion: 148.0.7778.168, setWindowRect: true, strictFileInteractability: false, timeouts: {implicit: 0, pageLoad: 300000, script: 30000}, unhandledPromptBehavior: dismiss and notify, webauthn:extension:credBlob: true, webauthn:extension:largeBlob: true, webauthn:extension:minPinLength: true, webauthn:extension:prf: true, webauthn:virtualAuthenticators: true}
Session ID: dd064276cc44503e23a31ecd9a30257e
2026-05-18 13:54:41 [TestNG-tests-1] [Thread-42] - Failed to apply the border to an element: no such element: Unable to locate element: {"method":"xpath","selector":"//span[text()='PIM']"}
  (Session info: chrome=148.0.7778.168)
For documentation on this error, please visit: https://www.selenium.dev/documentation/webdriver/troubleshooting/errors#no-such-element-exception
Build info: version: '4.27.0', revision: 'd6e718d134'
System info: os.name: 'Windows 11', os.arch: 'amd64', os.version: '10.0', java.version: '21.0.2'
Driver info: org.openqa.selenium.chrome.ChromeDriver
Command: [dd064276cc44503e23a31ecd9a30257e, findElement {using=xpath, value=//span[text()='PIM']}]
Capabilities {acceptInsecureCerts: false, browserName: chrome, browserVersion: 148.0.7778.168, chrome: {chromedriverVersion: 148.0.7778.167 (65db666ac2c..., userDataDir: C:\Users\cocoy\AppData\Loca...}, fedcm:accounts: true, goog:chromeOptions: {debuggerAddress: localhost:50576}, goog:processID: 24852, networkConnectionEnabled: false, pageLoadStrategy: normal, platformName: windows, proxy: Proxy(), se:cdp: ws://localhost:50576/devtoo..., se:cdpVersion: 148.0.7778.168, setWindowRect: true, strictFileInteractability: false, timeouts: {implicit: 0, pageLoad: 300000, script: 30000}, unhandledPromptBehavior: dismiss and notify, webauthn:extension:credBlob: true, webauthn:extension:largeBlob: true, webauthn:extension:minPinLength: true, webauthn:extension:prf: true, webauthn:virtualAuthenticators: true}
Session ID: dd064276cc44503e23a31ecd9a30257e
2026-05-18 13:55:12 [TestNG-tests-1] [Thread-42] - Failed to apply the border to an element: no such element: Unable to locate element: {"method":"xpath","selector":"//label[text()='Employee Name']/parent::div/following-sibling::div/div/div/input"}
  (Session info: chrome=148.0.7778.168)
For documentation on this error, please visit: https://www.selenium.dev/documentation/webdriver/troubleshooting/errors#no-such-element-exception
Build info: version: '4.27.0', revision: 'd6e718d134'
System info: os.name: 'Windows 11', os.arch: 'amd64', os.version: '10.0', java.version: '21.0.2'
Driver info: org.openqa.selenium.chrome.ChromeDriver
Command: [dd064276cc44503e23a31ecd9a30257e, findElement {using=xpath, value=//label[text()='Employee Name']/parent::div/following-sibling::div/div/div/input}]
Capabilities {acceptInsecureCerts: false, browserName: chrome, browserVersion: 148.0.7778.168, chrome: {chromedriverVersion: 148.0.7778.167 (65db666ac2c..., userDataDir: C:\Users\cocoy\AppData\Loca...}, fedcm:accounts: true, goog:chromeOptions: {debuggerAddress: localhost:50576}, goog:processID: 24852, networkConnectionEnabled: false, pageLoadStrategy: normal, platformName: windows, proxy: Proxy(), se:cdp: ws://localhost:50576/devtoo..., se:cdpVersion: 148.0.7778.168, setWindowRect: true, strictFileInteractability: false, timeouts: {implicit: 0, pageLoad: 300000, script: 30000}, unhandledPromptBehavior: dismiss and notify, webauthn:extension:credBlob: true, webauthn:extension:largeBlob: true, webauthn:extension:minPinLength: true, webauthn:extension:prf: true, webauthn:virtualAuthenticators: true}
Session ID: dd064276cc44503e23a31ecd9a30257e
2026-05-18 13:55:12 [TestNG-tests-1] [Thread-42] - Failed to apply the border to an element: no such element: Unable to locate element: {"method":"xpath","selector":"//label[text()='Employee Name']/parent::div/following-sibling::div/div/div/input"}
  (Session info: chrome=148.0.7778.168)
For documentation on this error, please visit: https://www.selenium.dev/documentation/webdriver/troubleshooting/errors#no-such-element-exception
Build info: version: '4.27.0', revision: 'd6e718d134'
System info: os.name: 'Windows 11', os.arch: 'amd64', os.version: '10.0', java.version: '21.0.2'
Driver info: org.openqa.selenium.chrome.ChromeDriver
Command: [dd064276cc44503e23a31ecd9a30257e, findElement {using=xpath, value=//label[text()='Employee Name']/parent::div/following-sibling::div/div/div/input}]
Capabilities {acceptInsecureCerts: false, browserName: chrome, browserVersion: 148.0.7778.168, chrome: {chromedriverVersion: 148.0.7778.167 (65db666ac2c..., userDataDir: C:\Users\cocoy\AppData\Loca...}, fedcm:accounts: true, goog:chromeOptions: {debuggerAddress: localhost:50576}, goog:processID: 24852, networkConnectionEnabled: false, pageLoadStrategy: normal, platformName: windows, proxy: Proxy(), se:cdp: ws://localhost:50576/devtoo..., se:cdpVersion: 148.0.7778.168, setWindowRect: true, strictFileInteractability: false, timeouts: {implicit: 0, pageLoad: 300000, script: 30000}, unhandledPromptBehavior: dismiss and notify, webauthn:extension:credBlob: true, webauthn:extension:largeBlob: true, webauthn:extension:minPinLength: true, webauthn:extension:prf: true, webauthn:virtualAuthenticators: true}
Session ID: dd064276cc44503e23a31ecd9a30257e
2026-05-18 13:55:12 [TestNG-tests-1] [Thread-42] - Applied the border with color green to element: Element with text: Login
2026-05-18 13:55:12 [TestNG-tests-1] [Thread-42] - clicked an element-->Element with text: Login
2026-05-18 13:55:12 [TestNG-tests-1] [Thread-42] - Failed to apply the border to an element: no such element: Unable to locate element: {"method":"xpath","selector":"//div[@class='oxd-table-card']/div/div[3]"}
  (Session info: chrome=148.0.7778.168)
For documentation on this error, please visit: https://www.selenium.dev/documentation/webdriver/troubleshooting/errors#no-such-element-exception
Build info: version: '4.27.0', revision: 'd6e718d134'
System info: os.name: 'Windows 11', os.arch: 'amd64', os.version: '10.0', java.version: '21.0.2'
Driver info: org.openqa.selenium.chrome.ChromeDriver
Command: [dd064276cc44503e23a31ecd9a30257e, findElement {using=xpath, value=//div[@class='oxd-table-card']/div/div[3]}]
Capabilities {acceptInsecureCerts: false, browserName: chrome, browserVersion: 148.0.7778.168, chrome: {chromedriverVersion: 148.0.7778.167 (65db666ac2c..., userDataDir: C:\Users\cocoy\AppData\Loca...}, fedcm:accounts: true, goog:chromeOptions: {debuggerAddress: localhost:50576}, goog:processID: 24852, networkConnectionEnabled: false, pageLoadStrategy: normal, platformName: windows, proxy: Proxy(), se:cdp: ws://localhost:50576/devtoo..., se:cdpVersion: 148.0.7778.168, setWindowRect: true, strictFileInteractability: false, timeouts: {implicit: 0, pageLoad: 300000, script: 30000}, unhandledPromptBehavior: dismiss and notify, webauthn:extension:credBlob: true, webauthn:extension:largeBlob: true, webauthn:extension:minPinLength: true, webauthn:extension:prf: true, webauthn:virtualAuthenticators: true}
Session ID: dd064276cc44503e23a31ecd9a30257e
2026-05-18 13:55:12 [TestNG-tests-1] [Thread-42] - Failed to apply the border to an element: no such element: Unable to locate element: {"method":"xpath","selector":"//div[@class='oxd-table-card']/div/div[3]"}
  (Session info: chrome=148.0.7778.168)
For documentation on this error, please visit: https://www.selenium.dev/documentation/webdriver/troubleshooting/errors#no-such-element-exception
Build info: version: '4.27.0', revision: 'd6e718d134'
System info: os.name: 'Windows 11', os.arch: 'amd64', os.version: '10.0', java.version: '21.0.2'
Driver info: org.openqa.selenium.chrome.ChromeDriver
Command: [dd064276cc44503e23a31ecd9a30257e, findElement {using=xpath, value=//div[@class='oxd-table-card']/div/div[3]}]
Capabilities {acceptInsecureCerts: false, browserName: chrome, browserVersion: 148.0.7778.168, chrome: {chromedriverVersion: 148.0.7778.167 (65db666ac2c..., userDataDir: C:\Users\cocoy\AppData\Loca...}, fedcm:accounts: true, goog:chromeOptions: {debuggerAddress: localhost:50576}, goog:processID: 24852, networkConnectionEnabled: false, pageLoadStrategy: normal, platformName: windows, proxy: Proxy(), se:cdp: ws://localhost:50576/devtoo..., se:cdpVersion: 148.0.7778.168, setWindowRect: true, strictFileInteractability: false, timeouts: {implicit: 0, pageLoad: 300000, script: 30000}, unhandledPromptBehavior: dismiss and notify, webauthn:extension:credBlob: true, webauthn:extension:largeBlob: true, webauthn:extension:minPinLength: true, webauthn:extension:prf: true, webauthn:virtualAuthenticators: true}
Session ID: dd064276cc44503e23a31ecd9a30257e
2026-05-18 13:55:13 [TestNG-tests-1] [Thread-42] - Starting DB Connection...
2026-05-18 13:55:13 [TestNG-tests-1] [Thread-42] - DB Connection Successful
2026-05-18 13:55:13 [TestNG-tests-1] [Thread-42] - Executing query: SELECT emp_firstname, emp_middle_name, emp_lastname FROM hs_hr_employee WHERE employee_id =4
2026-05-18 13:55:44 [TestNG-tests-1] [Thread-42] - Failed to apply the border to an element: no such element: Unable to locate element: {"method":"xpath","selector":"//div[@class='oxd-table-card']/div/div[3]"}
  (Session info: chrome=148.0.7778.168)
For documentation on this error, please visit: https://www.selenium.dev/documentation/webdriver/troubleshooting/errors#no-such-element-exception
Build info: version: '4.27.0', revision: 'd6e718d134'
System info: os.name: 'Windows 11', os.arch: 'amd64', os.version: '10.0', java.version: '21.0.2'
Driver info: org.openqa.selenium.chrome.ChromeDriver
Command: [dd064276cc44503e23a31ecd9a30257e, findElement {using=xpath, value=//div[@class='oxd-table-card']/div/div[3]}]
Capabilities {acceptInsecureCerts: false, browserName: chrome, browserVersion: 148.0.7778.168, chrome: {chromedriverVersion: 148.0.7778.167 (65db666ac2c..., userDataDir: C:\Users\cocoy\AppData\Loca...}, fedcm:accounts: true, goog:chromeOptions: {debuggerAddress: localhost:50576}, goog:processID: 24852, networkConnectionEnabled: false, pageLoadStrategy: normal, platformName: windows, proxy: Proxy(), se:cdp: ws://localhost:50576/devtoo..., se:cdpVersion: 148.0.7778.168, setWindowRect: true, strictFileInteractability: false, timeouts: {implicit: 0, pageLoad: 300000, script: 30000}, unhandledPromptBehavior: dismiss and notify, webauthn:extension:credBlob: true, webauthn:extension:largeBlob: true, webauthn:extension:minPinLength: true, webauthn:extension:prf: true, webauthn:virtualAuthenticators: true}
Session ID: dd064276cc44503e23a31ecd9a30257e
2026-05-18 13:56:10 [main] [Thread-1] - config.properties file loaded
2026-05-18 13:56:10 [TestNG-tests-2] [Thread-44] - Setting up WebDriver for: HomePageTest on browser: fireFox
2026-05-18 13:56:10 [TestNG-tests-1] [Thread-43] - Setting up WebDriver for: HomePageTest on browser: chrome
2026-05-18 13:56:12 [TestNG-tests-1] [Thread-43] - ChromeDriver Instance is created.
2026-05-18 13:56:14 [TestNG-tests-2] [Thread-44] - FirefoxDriver Instance is created.
2026-05-18 13:56:22 [TestNG-tests-1] [Thread-43] - WebDriver instance is created.
2026-05-18 13:56:24 [TestNG-tests-1] [Thread-43] - for test verifyOrangeHRMLogo ActionDriver initialized for thread: 43
2026-05-18 13:56:24 [TestNG-tests-1] [Thread-43] - Applied the border with color green to element: Element with name: username
2026-05-18 13:56:24 [TestNG-tests-1] [Thread-43] - Entered text on Element with name: username-->admin
2026-05-18 13:56:24 [TestNG-tests-2] [Thread-44] - WebDriver instance is created.
2026-05-18 13:56:24 [TestNG-tests-1] [Thread-43] - Applied the border with color green to element: Element with name: password
2026-05-18 13:56:24 [TestNG-tests-1] [Thread-43] - Entered text on Element with name: password-->Cocoy123!@#
2026-05-18 13:56:24 [TestNG-tests-1] [Thread-43] - Applied the border with color green to element: Element with text: Login
2026-05-18 13:56:24 [TestNG-tests-1] [Thread-43] - clicked an element-->Element with text: Login
2026-05-18 13:56:26 [TestNG-tests-1] [Thread-43] - Applied the border with color green to element: Element located using: By.xpath: //div[@class='oxd-brand-banner']//img
2026-05-18 13:56:26 [TestNG-tests-1] [Thread-43] - Element is displayed Element located using: By.xpath: //div[@class='oxd-brand-banner']//img
2026-05-18 13:56:26 [TestNG-tests-2] [Thread-44] - for test verifyOrangeHRMLogo ActionDriver initialized for thread: 44
2026-05-18 13:56:26 [TestNG-tests-1] [Thread-43] - Applied the border with color green to element: Element with text: John paul Chang
2026-05-18 13:56:26 [TestNG-tests-2] [Thread-44] - Applied the border with color green to element: Element with name: username
2026-05-18 13:56:26 [TestNG-tests-2] [Thread-44] - Entered text on Element with name: username-->admin
2026-05-18 13:56:26 [TestNG-tests-1] [Thread-43] - clicked an element-->Element with text: John paul Chang
2026-05-18 13:56:26 [TestNG-tests-2] [Thread-44] - Applied the border with color green to element: Element with name: password
2026-05-18 13:56:26 [TestNG-tests-1] [Thread-43] - Applied the border with color green to element: Element with text: Logout
2026-05-18 13:56:26 [TestNG-tests-2] [Thread-44] - Entered text on Element with name: password-->Cocoy123!@#
2026-05-18 13:56:27 [TestNG-tests-2] [Thread-44] - Applied the border with color green to element: Element with text: Login
2026-05-18 13:56:27 [TestNG-tests-1] [Thread-43] - clicked an element-->Element with text: Logout
2026-05-18 13:56:27 [TestNG-tests-2] [Thread-44] - clicked an element-->Element with text: Login
2026-05-18 13:56:28 [TestNG-tests-1] [Thread-43] - WebDriver instance is closed.
2026-05-18 13:56:28 [TestNG-tests-2] [Thread-44] - Applied the border with color green to element: Element located using: By.xpath: //div[@class='oxd-brand-banner']//img
2026-05-18 13:56:28 [TestNG-tests-2] [Thread-44] - Element is displayed Element located using: By.xpath: //div[@class='oxd-brand-banner']//img
2026-05-18 13:56:28 [TestNG-tests-2] [Thread-44] - Applied the border with color green to element: Element with text: John paul Chang
2026-05-18 13:56:28 [TestNG-tests-2] [Thread-44] - clicked an element-->Element with text: John paul Chang
2026-05-18 13:56:28 [TestNG-tests-2] [Thread-44] - Applied the border with color green to element: Element with text: Logout
2026-05-18 13:56:29 [TestNG-tests-2] [Thread-44] - clicked an element-->Element with text: Logout
2026-05-18 13:56:30 [TestNG-tests-2] [Thread-44] - WebDriver instance is closed.
2026-05-18 14:12:17 [main] [Thread-1] - config.properties file loaded
2026-05-18 14:12:18 [TestNG-tests-2] [Thread-44] - Setting up WebDriver for: HomePageTest on browser: fireFox
2026-05-18 14:12:18 [TestNG-tests-1] [Thread-43] - Setting up WebDriver for: HomePageTest on browser: chrome
2026-05-18 14:12:27 [main] [Thread-1] - config.properties file loaded
2026-05-18 14:12:27 [TestNG-tests-2] [Thread-44] - Setting up WebDriver for: HomePageTest on browser: fireFox
2026-05-18 14:12:27 [TestNG-tests-1] [Thread-43] - Setting up WebDriver for: DBVerificationTest on browser: chrome
2026-05-18 14:12:29 [TestNG-tests-1] [Thread-43] - ChromeDriver Instance is created.
2026-05-18 14:12:31 [TestNG-tests-2] [Thread-44] - FirefoxDriver Instance is created.
2026-05-18 14:12:39 [TestNG-tests-1] [Thread-43] - WebDriver instance is created.
2026-05-18 14:12:41 [TestNG-tests-1] [Thread-43] - for test verifyEmployeeNameVerificationFromDB ActionDriver initialized for thread: 43
2026-05-18 14:12:41 [TestNG-tests-1] [Thread-43] - Applied the border with color green to element: Element with name: username
2026-05-18 14:12:41 [TestNG-tests-1] [Thread-43] - Entered text on Element with name: username-->Admin
2026-05-18 14:12:41 [TestNG-tests-2] [Thread-44] - WebDriver instance is created.
2026-05-18 14:12:41 [TestNG-tests-1] [Thread-43] - Applied the border with color green to element: Element with name: password
2026-05-18 14:12:41 [TestNG-tests-1] [Thread-43] - Entered text on Element with name: password-->admin123
2026-05-18 14:12:42 [TestNG-tests-1] [Thread-43] - Applied the border with color green to element: Element with text: Login
2026-05-18 14:12:42 [TestNG-tests-1] [Thread-43] - clicked an element-->Element with text: Login
2026-05-18 14:12:43 [TestNG-tests-1] [Thread-43] - Failed to apply the border to an element: no such element: Unable to locate element: {"method":"xpath","selector":"//span[text()='PIM']"}
  (Session info: chrome=148.0.7778.168)
For documentation on this error, please visit: https://www.selenium.dev/documentation/webdriver/troubleshooting/errors#no-such-element-exception
Build info: version: '4.27.0', revision: 'd6e718d134'
System info: os.name: 'Windows 11', os.arch: 'amd64', os.version: '10.0', java.version: '21.0.2'
Driver info: org.openqa.selenium.chrome.ChromeDriver
Command: [ee81289601c5fc35b029052ed6ede18d, findElement {using=xpath, value=//span[text()='PIM']}]
Capabilities {acceptInsecureCerts: false, browserName: chrome, browserVersion: 148.0.7778.168, chrome: {chromedriverVersion: 148.0.7778.167 (65db666ac2c..., userDataDir: C:\Users\cocoy\AppData\Loca...}, fedcm:accounts: true, goog:chromeOptions: {debuggerAddress: localhost:59528}, goog:processID: 25788, networkConnectionEnabled: false, pageLoadStrategy: normal, platformName: windows, proxy: Proxy(), se:cdp: ws://localhost:59528/devtoo..., se:cdpVersion: 148.0.7778.168, setWindowRect: true, strictFileInteractability: false, timeouts: {implicit: 0, pageLoad: 300000, script: 30000}, unhandledPromptBehavior: dismiss and notify, webauthn:extension:credBlob: true, webauthn:extension:largeBlob: true, webauthn:extension:minPinLength: true, webauthn:extension:prf: true, webauthn:virtualAuthenticators: true}
Session ID: ee81289601c5fc35b029052ed6ede18d
2026-05-18 14:12:43 [TestNG-tests-2] [Thread-44] - for test verifyOrangeHRMLogo ActionDriver initialized for thread: 44
2026-05-18 14:12:43 [TestNG-tests-2] [Thread-44] - Applied the border with color green to element: Element with name: username
2026-05-18 14:12:43 [TestNG-tests-2] [Thread-44] - Entered text on Element with name: username-->admin
2026-05-18 14:12:44 [TestNG-tests-2] [Thread-44] - Applied the border with color green to element: Element with name: password
2026-05-18 14:12:44 [TestNG-tests-2] [Thread-44] - Entered text on Element with name: password-->Cocoy123!@#
2026-05-18 14:12:44 [TestNG-tests-2] [Thread-44] - Applied the border with color green to element: Element with text: Login
2026-05-18 14:12:45 [TestNG-tests-2] [Thread-44] - clicked an element-->Element with text: Login
2026-05-18 14:12:45 [TestNG-tests-2] [Thread-44] - Applied the border with color green to element: Element located using: By.xpath: //div[@class='oxd-brand-banner']//img
2026-05-18 14:12:45 [TestNG-tests-2] [Thread-44] - Element is displayed Element located using: By.xpath: //div[@class='oxd-brand-banner']//img
2026-05-18 14:12:46 [TestNG-tests-2] [Thread-44] - Applied the border with color green to element: Element with text: John paul Chang
2026-05-18 14:12:46 [TestNG-tests-2] [Thread-44] - clicked an element-->Element with text: John paul Chang
2026-05-18 14:12:46 [TestNG-tests-2] [Thread-44] - Applied the border with color green to element: Element with text: Logout
2026-05-18 14:12:47 [TestNG-tests-2] [Thread-44] - clicked an element-->Element with text: Logout
2026-05-18 14:12:48 [TestNG-tests-2] [Thread-44] - WebDriver instance is closed.
2026-05-18 14:13:13 [TestNG-tests-1] [Thread-43] - Failed to apply the border to an element: no such element: Unable to locate element: {"method":"xpath","selector":"//span[text()='PIM']"}
  (Session info: chrome=148.0.7778.168)
For documentation on this error, please visit: https://www.selenium.dev/documentation/webdriver/troubleshooting/errors#no-such-element-exception
Build info: version: '4.27.0', revision: 'd6e718d134'
System info: os.name: 'Windows 11', os.arch: 'amd64', os.version: '10.0', java.version: '21.0.2'
Driver info: org.openqa.selenium.chrome.ChromeDriver
Command: [ee81289601c5fc35b029052ed6ede18d, findElement {using=xpath, value=//span[text()='PIM']}]
Capabilities {acceptInsecureCerts: false, browserName: chrome, browserVersion: 148.0.7778.168, chrome: {chromedriverVersion: 148.0.7778.167 (65db666ac2c..., userDataDir: C:\Users\cocoy\AppData\Loca...}, fedcm:accounts: true, goog:chromeOptions: {debuggerAddress: localhost:59528}, goog:processID: 25788, networkConnectionEnabled: false, pageLoadStrategy: normal, platformName: windows, proxy: Proxy(), se:cdp: ws://localhost:59528/devtoo..., se:cdpVersion: 148.0.7778.168, setWindowRect: true, strictFileInteractability: false, timeouts: {implicit: 0, pageLoad: 300000, script: 30000}, unhandledPromptBehavior: dismiss and notify, webauthn:extension:credBlob: true, webauthn:extension:largeBlob: true, webauthn:extension:minPinLength: true, webauthn:extension:prf: true, webauthn:virtualAuthenticators: true}
Session ID: ee81289601c5fc35b029052ed6ede18d
2026-05-18 14:13:44 [TestNG-tests-1] [Thread-43] - Failed to apply the border to an element: no such element: Unable to locate element: {"method":"xpath","selector":"//label[text()='Employee Name']/parent::div/following-sibling::div/div/div/input"}
  (Session info: chrome=148.0.7778.168)
For documentation on this error, please visit: https://www.selenium.dev/documentation/webdriver/troubleshooting/errors#no-such-element-exception
Build info: version: '4.27.0', revision: 'd6e718d134'
System info: os.name: 'Windows 11', os.arch: 'amd64', os.version: '10.0', java.version: '21.0.2'
Driver info: org.openqa.selenium.chrome.ChromeDriver
Command: [ee81289601c5fc35b029052ed6ede18d, findElement {using=xpath, value=//label[text()='Employee Name']/parent::div/following-sibling::div/div/div/input}]
Capabilities {acceptInsecureCerts: false, browserName: chrome, browserVersion: 148.0.7778.168, chrome: {chromedriverVersion: 148.0.7778.167 (65db666ac2c..., userDataDir: C:\Users\cocoy\AppData\Loca...}, fedcm:accounts: true, goog:chromeOptions: {debuggerAddress: localhost:59528}, goog:processID: 25788, networkConnectionEnabled: false, pageLoadStrategy: normal, platformName: windows, proxy: Proxy(), se:cdp: ws://localhost:59528/devtoo..., se:cdpVersion: 148.0.7778.168, setWindowRect: true, strictFileInteractability: false, timeouts: {implicit: 0, pageLoad: 300000, script: 30000}, unhandledPromptBehavior: dismiss and notify, webauthn:extension:credBlob: true, webauthn:extension:largeBlob: true, webauthn:extension:minPinLength: true, webauthn:extension:prf: true, webauthn:virtualAuthenticators: true}
Session ID: ee81289601c5fc35b029052ed6ede18d
2026-05-18 14:13:44 [TestNG-tests-1] [Thread-43] - Failed to apply the border to an element: no such element: Unable to locate element: {"method":"xpath","selector":"//label[text()='Employee Name']/parent::div/following-sibling::div/div/div/input"}
  (Session info: chrome=148.0.7778.168)
For documentation on this error, please visit: https://www.selenium.dev/documentation/webdriver/troubleshooting/errors#no-such-element-exception
Build info: version: '4.27.0', revision: 'd6e718d134'
System info: os.name: 'Windows 11', os.arch: 'amd64', os.version: '10.0', java.version: '21.0.2'
Driver info: org.openqa.selenium.chrome.ChromeDriver
Command: [ee81289601c5fc35b029052ed6ede18d, findElement {using=xpath, value=//label[text()='Employee Name']/parent::div/following-sibling::div/div/div/input}]
Capabilities {acceptInsecureCerts: false, browserName: chrome, browserVersion: 148.0.7778.168, chrome: {chromedriverVersion: 148.0.7778.167 (65db666ac2c..., userDataDir: C:\Users\cocoy\AppData\Loca...}, fedcm:accounts: true, goog:chromeOptions: {debuggerAddress: localhost:59528}, goog:processID: 25788, networkConnectionEnabled: false, pageLoadStrategy: normal, platformName: windows, proxy: Proxy(), se:cdp: ws://localhost:59528/devtoo..., se:cdpVersion: 148.0.7778.168, setWindowRect: true, strictFileInteractability: false, timeouts: {implicit: 0, pageLoad: 300000, script: 30000}, unhandledPromptBehavior: dismiss and notify, webauthn:extension:credBlob: true, webauthn:extension:largeBlob: true, webauthn:extension:minPinLength: true, webauthn:extension:prf: true, webauthn:virtualAuthenticators: true}
Session ID: ee81289601c5fc35b029052ed6ede18d
2026-05-18 14:13:44 [TestNG-tests-1] [Thread-43] - Applied the border with color green to element: Element with text: Login
2026-05-18 14:13:44 [TestNG-tests-1] [Thread-43] - clicked an element-->Element with text: Login
2026-05-18 14:13:44 [TestNG-tests-1] [Thread-43] - Failed to apply the border to an element: no such element: Unable to locate element: {"method":"xpath","selector":"//div[@class='oxd-table-card']/div/div[3]"}
  (Session info: chrome=148.0.7778.168)
For documentation on this error, please visit: https://www.selenium.dev/documentation/webdriver/troubleshooting/errors#no-such-element-exception
Build info: version: '4.27.0', revision: 'd6e718d134'
System info: os.name: 'Windows 11', os.arch: 'amd64', os.version: '10.0', java.version: '21.0.2'
Driver info: org.openqa.selenium.chrome.ChromeDriver
Command: [ee81289601c5fc35b029052ed6ede18d, findElement {using=xpath, value=//div[@class='oxd-table-card']/div/div[3]}]
Capabilities {acceptInsecureCerts: false, browserName: chrome, browserVersion: 148.0.7778.168, chrome: {chromedriverVersion: 148.0.7778.167 (65db666ac2c..., userDataDir: C:\Users\cocoy\AppData\Loca...}, fedcm:accounts: true, goog:chromeOptions: {debuggerAddress: localhost:59528}, goog:processID: 25788, networkConnectionEnabled: false, pageLoadStrategy: normal, platformName: windows, proxy: Proxy(), se:cdp: ws://localhost:59528/devtoo..., se:cdpVersion: 148.0.7778.168, setWindowRect: true, strictFileInteractability: false, timeouts: {implicit: 0, pageLoad: 300000, script: 30000}, unhandledPromptBehavior: dismiss and notify, webauthn:extension:credBlob: true, webauthn:extension:largeBlob: true, webauthn:extension:minPinLength: true, webauthn:extension:prf: true, webauthn:virtualAuthenticators: true}
Session ID: ee81289601c5fc35b029052ed6ede18d
2026-05-18 14:13:44 [TestNG-tests-1] [Thread-43] - Failed to apply the border to an element: no such element: Unable to locate element: {"method":"xpath","selector":"//div[@class='oxd-table-card']/div/div[3]"}
  (Session info: chrome=148.0.7778.168)
For documentation on this error, please visit: https://www.selenium.dev/documentation/webdriver/troubleshooting/errors#no-such-element-exception
Build info: version: '4.27.0', revision: 'd6e718d134'
System info: os.name: 'Windows 11', os.arch: 'amd64', os.version: '10.0', java.version: '21.0.2'
Driver info: org.openqa.selenium.chrome.ChromeDriver
Command: [ee81289601c5fc35b029052ed6ede18d, findElement {using=xpath, value=//div[@class='oxd-table-card']/div/div[3]}]
Capabilities {acceptInsecureCerts: false, browserName: chrome, browserVersion: 148.0.7778.168, chrome: {chromedriverVersion: 148.0.7778.167 (65db666ac2c..., userDataDir: C:\Users\cocoy\AppData\Loca...}, fedcm:accounts: true, goog:chromeOptions: {debuggerAddress: localhost:59528}, goog:processID: 25788, networkConnectionEnabled: false, pageLoadStrategy: normal, platformName: windows, proxy: Proxy(), se:cdp: ws://localhost:59528/devtoo..., se:cdpVersion: 148.0.7778.168, setWindowRect: true, strictFileInteractability: false, timeouts: {implicit: 0, pageLoad: 300000, script: 30000}, unhandledPromptBehavior: dismiss and notify, webauthn:extension:credBlob: true, webauthn:extension:largeBlob: true, webauthn:extension:minPinLength: true, webauthn:extension:prf: true, webauthn:virtualAuthenticators: true}
Session ID: ee81289601c5fc35b029052ed6ede18d
2026-05-18 14:13:45 [TestNG-tests-1] [Thread-43] - Starting DB Connection...
2026-05-18 14:13:45 [TestNG-tests-1] [Thread-43] - DB Connection Successful
2026-05-18 14:13:45 [TestNG-tests-1] [Thread-43] - Executing query: SELECT emp_firstname, emp_middle_name, emp_lastname FROM hs_hr_employee WHERE employee_id =1
2026-05-18 14:13:45 [TestNG-tests-1] [Thread-43] - Query Executed Successfully
2026-05-18 14:13:45 [TestNG-tests-1] [Thread-43] - Employee Data Fetched: {firstName=John paul, lastName=Chang, middleName=}
2026-05-18 14:14:15 [TestNG-tests-1] [Thread-43] - Failed to apply the border to an element: no such element: Unable to locate element: {"method":"xpath","selector":"//div[@class='oxd-table-card']/div/div[3]"}
  (Session info: chrome=148.0.7778.168)
For documentation on this error, please visit: https://www.selenium.dev/documentation/webdriver/troubleshooting/errors#no-such-element-exception
Build info: version: '4.27.0', revision: 'd6e718d134'
System info: os.name: 'Windows 11', os.arch: 'amd64', os.version: '10.0', java.version: '21.0.2'
Driver info: org.openqa.selenium.chrome.ChromeDriver
Command: [ee81289601c5fc35b029052ed6ede18d, findElement {using=xpath, value=//div[@class='oxd-table-card']/div/div[3]}]
Capabilities {acceptInsecureCerts: false, browserName: chrome, browserVersion: 148.0.7778.168, chrome: {chromedriverVersion: 148.0.7778.167 (65db666ac2c..., userDataDir: C:\Users\cocoy\AppData\Loca...}, fedcm:accounts: true, goog:chromeOptions: {debuggerAddress: localhost:59528}, goog:processID: 25788, networkConnectionEnabled: false, pageLoadStrategy: normal, platformName: windows, proxy: Proxy(), se:cdp: ws://localhost:59528/devtoo..., se:cdpVersion: 148.0.7778.168, setWindowRect: true, strictFileInteractability: false, timeouts: {implicit: 0, pageLoad: 300000, script: 30000}, unhandledPromptBehavior: dismiss and notify, webauthn:extension:credBlob: true, webauthn:extension:largeBlob: true, webauthn:extension:minPinLength: true, webauthn:extension:prf: true, webauthn:virtualAuthenticators: true}
Session ID: ee81289601c5fc35b029052ed6ede18d
2026-05-18 14:14:46 [TestNG-tests-1] [Thread-43] - Failed to apply the border to an element: no such element: Unable to locate element: {"method":"xpath","selector":"//div[@class='oxd-table-card']/div/div[4]"}
  (Session info: chrome=148.0.7778.168)
For documentation on this error, please visit: https://www.selenium.dev/documentation/webdriver/troubleshooting/errors#no-such-element-exception
Build info: version: '4.27.0', revision: 'd6e718d134'
System info: os.name: 'Windows 11', os.arch: 'amd64', os.version: '10.0', java.version: '21.0.2'
Driver info: org.openqa.selenium.chrome.ChromeDriver
Command: [ee81289601c5fc35b029052ed6ede18d, findElement {using=xpath, value=//div[@class='oxd-table-card']/div/div[4]}]
Capabilities {acceptInsecureCerts: false, browserName: chrome, browserVersion: 148.0.7778.168, chrome: {chromedriverVersion: 148.0.7778.167 (65db666ac2c..., userDataDir: C:\Users\cocoy\AppData\Loca...}, fedcm:accounts: true, goog:chromeOptions: {debuggerAddress: localhost:59528}, goog:processID: 25788, networkConnectionEnabled: false, pageLoadStrategy: normal, platformName: windows, proxy: Proxy(), se:cdp: ws://localhost:59528/devtoo..., se:cdpVersion: 148.0.7778.168, setWindowRect: true, strictFileInteractability: false, timeouts: {implicit: 0, pageLoad: 300000, script: 30000}, unhandledPromptBehavior: dismiss and notify, webauthn:extension:credBlob: true, webauthn:extension:largeBlob: true, webauthn:extension:minPinLength: true, webauthn:extension:prf: true, webauthn:virtualAuthenticators: true}
Session ID: ee81289601c5fc35b029052ed6ede18d
2026-05-18 14:14:46 [TestNG-tests-1] [Thread-43] - WebDriver instance is closed.
2026-05-18 14:14:46 [TestNG-tests-1] [Thread-43] - Setting up WebDriver for: DBVerificationTest on browser: chrome
2026-05-18 14:14:47 [TestNG-tests-1] [Thread-43] - ChromeDriver Instance is created.
2026-05-18 14:14:58 [TestNG-tests-1] [Thread-43] - WebDriver instance is created.
2026-05-18 14:15:00 [TestNG-tests-1] [Thread-43] - for test verifyEmployeeNameVerificationFromDB ActionDriver initialized for thread: 43
2026-05-18 14:15:00 [TestNG-tests-1] [Thread-43] - Applied the border with color green to element: Element with name: username
2026-05-18 14:15:00 [TestNG-tests-1] [Thread-43] - Entered text on Element with name: username-->Admin
2026-05-18 14:15:00 [TestNG-tests-1] [Thread-43] - Applied the border with color green to element: Element with name: password
2026-05-18 14:15:00 [TestNG-tests-1] [Thread-43] - Entered text on Element with name: password-->admin123
2026-05-18 14:15:00 [TestNG-tests-1] [Thread-43] - Applied the border with color green to element: Element with text: Login
2026-05-18 14:15:00 [TestNG-tests-1] [Thread-43] - clicked an element-->Element with text: Login
2026-05-18 14:15:01 [TestNG-tests-1] [Thread-43] - Failed to apply the border to an element: no such element: Unable to locate element: {"method":"xpath","selector":"//span[text()='PIM']"}
  (Session info: chrome=148.0.7778.168)
For documentation on this error, please visit: https://www.selenium.dev/documentation/webdriver/troubleshooting/errors#no-such-element-exception
Build info: version: '4.27.0', revision: 'd6e718d134'
System info: os.name: 'Windows 11', os.arch: 'amd64', os.version: '10.0', java.version: '21.0.2'
Driver info: org.openqa.selenium.chrome.ChromeDriver
Command: [3990c842da96b3da057ca6a9c4b9da28, findElement {using=xpath, value=//span[text()='PIM']}]
Capabilities {acceptInsecureCerts: false, browserName: chrome, browserVersion: 148.0.7778.168, chrome: {chromedriverVersion: 148.0.7778.167 (65db666ac2c..., userDataDir: C:\Users\cocoy\AppData\Loca...}, fedcm:accounts: true, goog:chromeOptions: {debuggerAddress: localhost:52385}, goog:processID: 29660, networkConnectionEnabled: false, pageLoadStrategy: normal, platformName: windows, proxy: Proxy(), se:cdp: ws://localhost:52385/devtoo..., se:cdpVersion: 148.0.7778.168, setWindowRect: true, strictFileInteractability: false, timeouts: {implicit: 0, pageLoad: 300000, script: 30000}, unhandledPromptBehavior: dismiss and notify, webauthn:extension:credBlob: true, webauthn:extension:largeBlob: true, webauthn:extension:minPinLength: true, webauthn:extension:prf: true, webauthn:virtualAuthenticators: true}
Session ID: 3990c842da96b3da057ca6a9c4b9da28
2026-05-18 14:15:31 [TestNG-tests-1] [Thread-43] - Failed to apply the border to an element: no such element: Unable to locate element: {"method":"xpath","selector":"//span[text()='PIM']"}
  (Session info: chrome=148.0.7778.168)
For documentation on this error, please visit: https://www.selenium.dev/documentation/webdriver/troubleshooting/errors#no-such-element-exception
Build info: version: '4.27.0', revision: 'd6e718d134'
System info: os.name: 'Windows 11', os.arch: 'amd64', os.version: '10.0', java.version: '21.0.2'
Driver info: org.openqa.selenium.chrome.ChromeDriver
Command: [3990c842da96b3da057ca6a9c4b9da28, findElement {using=xpath, value=//span[text()='PIM']}]
Capabilities {acceptInsecureCerts: false, browserName: chrome, browserVersion: 148.0.7778.168, chrome: {chromedriverVersion: 148.0.7778.167 (65db666ac2c..., userDataDir: C:\Users\cocoy\AppData\Loca...}, fedcm:accounts: true, goog:chromeOptions: {debuggerAddress: localhost:52385}, goog:processID: 29660, networkConnectionEnabled: false, pageLoadStrategy: normal, platformName: windows, proxy: Proxy(), se:cdp: ws://localhost:52385/devtoo..., se:cdpVersion: 148.0.7778.168, setWindowRect: true, strictFileInteractability: false, timeouts: {implicit: 0, pageLoad: 300000, script: 30000}, unhandledPromptBehavior: dismiss and notify, webauthn:extension:credBlob: true, webauthn:extension:largeBlob: true, webauthn:extension:minPinLength: true, webauthn:extension:prf: true, webauthn:virtualAuthenticators: true}
Session ID: 3990c842da96b3da057ca6a9c4b9da28
2026-05-18 14:16:02 [TestNG-tests-1] [Thread-43] - Failed to apply the border to an element: no such element: Unable to locate element: {"method":"xpath","selector":"//label[text()='Employee Name']/parent::div/following-sibling::div/div/div/input"}
  (Session info: chrome=148.0.7778.168)
For documentation on this error, please visit: https://www.selenium.dev/documentation/webdriver/troubleshooting/errors#no-such-element-exception
Build info: version: '4.27.0', revision: 'd6e718d134'
System info: os.name: 'Windows 11', os.arch: 'amd64', os.version: '10.0', java.version: '21.0.2'
Driver info: org.openqa.selenium.chrome.ChromeDriver
Command: [3990c842da96b3da057ca6a9c4b9da28, findElement {using=xpath, value=//label[text()='Employee Name']/parent::div/following-sibling::div/div/div/input}]
Capabilities {acceptInsecureCerts: false, browserName: chrome, browserVersion: 148.0.7778.168, chrome: {chromedriverVersion: 148.0.7778.167 (65db666ac2c..., userDataDir: C:\Users\cocoy\AppData\Loca...}, fedcm:accounts: true, goog:chromeOptions: {debuggerAddress: localhost:52385}, goog:processID: 29660, networkConnectionEnabled: false, pageLoadStrategy: normal, platformName: windows, proxy: Proxy(), se:cdp: ws://localhost:52385/devtoo..., se:cdpVersion: 148.0.7778.168, setWindowRect: true, strictFileInteractability: false, timeouts: {implicit: 0, pageLoad: 300000, script: 30000}, unhandledPromptBehavior: dismiss and notify, webauthn:extension:credBlob: true, webauthn:extension:largeBlob: true, webauthn:extension:minPinLength: true, webauthn:extension:prf: true, webauthn:virtualAuthenticators: true}
Session ID: 3990c842da96b3da057ca6a9c4b9da28
2026-05-18 14:16:02 [TestNG-tests-1] [Thread-43] - Failed to apply the border to an element: no such element: Unable to locate element: {"method":"xpath","selector":"//label[text()='Employee Name']/parent::div/following-sibling::div/div/div/input"}
  (Session info: chrome=148.0.7778.168)
For documentation on this error, please visit: https://www.selenium.dev/documentation/webdriver/troubleshooting/errors#no-such-element-exception
Build info: version: '4.27.0', revision: 'd6e718d134'
System info: os.name: 'Windows 11', os.arch: 'amd64', os.version: '10.0', java.version: '21.0.2'
Driver info: org.openqa.selenium.chrome.ChromeDriver
Command: [3990c842da96b3da057ca6a9c4b9da28, findElement {using=xpath, value=//label[text()='Employee Name']/parent::div/following-sibling::div/div/div/input}]
Capabilities {acceptInsecureCerts: false, browserName: chrome, browserVersion: 148.0.7778.168, chrome: {chromedriverVersion: 148.0.7778.167 (65db666ac2c..., userDataDir: C:\Users\cocoy\AppData\Loca...}, fedcm:accounts: true, goog:chromeOptions: {debuggerAddress: localhost:52385}, goog:processID: 29660, networkConnectionEnabled: false, pageLoadStrategy: normal, platformName: windows, proxy: Proxy(), se:cdp: ws://localhost:52385/devtoo..., se:cdpVersion: 148.0.7778.168, setWindowRect: true, strictFileInteractability: false, timeouts: {implicit: 0, pageLoad: 300000, script: 30000}, unhandledPromptBehavior: dismiss and notify, webauthn:extension:credBlob: true, webauthn:extension:largeBlob: true, webauthn:extension:minPinLength: true, webauthn:extension:prf: true, webauthn:virtualAuthenticators: true}
Session ID: 3990c842da96b3da057ca6a9c4b9da28
2026-05-18 14:16:02 [TestNG-tests-1] [Thread-43] - Applied the border with color green to element: Element with text: Login
2026-05-18 14:16:02 [TestNG-tests-1] [Thread-43] - clicked an element-->Element with text: Login
2026-05-18 14:16:02 [TestNG-tests-1] [Thread-43] - Failed to apply the border to an element: no such element: Unable to locate element: {"method":"xpath","selector":"//div[@class='oxd-table-card']/div/div[3]"}
  (Session info: chrome=148.0.7778.168)
For documentation on this error, please visit: https://www.selenium.dev/documentation/webdriver/troubleshooting/errors#no-such-element-exception
Build info: version: '4.27.0', revision: 'd6e718d134'
System info: os.name: 'Windows 11', os.arch: 'amd64', os.version: '10.0', java.version: '21.0.2'
Driver info: org.openqa.selenium.chrome.ChromeDriver
Command: [3990c842da96b3da057ca6a9c4b9da28, findElement {using=xpath, value=//div[@class='oxd-table-card']/div/div[3]}]
Capabilities {acceptInsecureCerts: false, browserName: chrome, browserVersion: 148.0.7778.168, chrome: {chromedriverVersion: 148.0.7778.167 (65db666ac2c..., userDataDir: C:\Users\cocoy\AppData\Loca...}, fedcm:accounts: true, goog:chromeOptions: {debuggerAddress: localhost:52385}, goog:processID: 29660, networkConnectionEnabled: false, pageLoadStrategy: normal, platformName: windows, proxy: Proxy(), se:cdp: ws://localhost:52385/devtoo..., se:cdpVersion: 148.0.7778.168, setWindowRect: true, strictFileInteractability: false, timeouts: {implicit: 0, pageLoad: 300000, script: 30000}, unhandledPromptBehavior: dismiss and notify, webauthn:extension:credBlob: true, webauthn:extension:largeBlob: true, webauthn:extension:minPinLength: true, webauthn:extension:prf: true, webauthn:virtualAuthenticators: true}
Session ID: 3990c842da96b3da057ca6a9c4b9da28
2026-05-18 14:16:02 [TestNG-tests-1] [Thread-43] - Failed to apply the border to an element: no such element: Unable to locate element: {"method":"xpath","selector":"//div[@class='oxd-table-card']/div/div[3]"}
  (Session info: chrome=148.0.7778.168)
For documentation on this error, please visit: https://www.selenium.dev/documentation/webdriver/troubleshooting/errors#no-such-element-exception
Build info: version: '4.27.0', revision: 'd6e718d134'
System info: os.name: 'Windows 11', os.arch: 'amd64', os.version: '10.0', java.version: '21.0.2'
Driver info: org.openqa.selenium.chrome.ChromeDriver
Command: [3990c842da96b3da057ca6a9c4b9da28, findElement {using=xpath, value=//div[@class='oxd-table-card']/div/div[3]}]
Capabilities {acceptInsecureCerts: false, browserName: chrome, browserVersion: 148.0.7778.168, chrome: {chromedriverVersion: 148.0.7778.167 (65db666ac2c..., userDataDir: C:\Users\cocoy\AppData\Loca...}, fedcm:accounts: true, goog:chromeOptions: {debuggerAddress: localhost:52385}, goog:processID: 29660, networkConnectionEnabled: false, pageLoadStrategy: normal, platformName: windows, proxy: Proxy(), se:cdp: ws://localhost:52385/devtoo..., se:cdpVersion: 148.0.7778.168, setWindowRect: true, strictFileInteractability: false, timeouts: {implicit: 0, pageLoad: 300000, script: 30000}, unhandledPromptBehavior: dismiss and notify, webauthn:extension:credBlob: true, webauthn:extension:largeBlob: true, webauthn:extension:minPinLength: true, webauthn:extension:prf: true, webauthn:virtualAuthenticators: true}
Session ID: 3990c842da96b3da057ca6a9c4b9da28
2026-05-18 14:16:03 [TestNG-tests-1] [Thread-43] - Starting DB Connection...
2026-05-18 14:16:03 [TestNG-tests-1] [Thread-43] - DB Connection Successful
2026-05-18 14:16:03 [TestNG-tests-1] [Thread-43] - Executing query: SELECT emp_firstname, emp_middle_name, emp_lastname FROM hs_hr_employee WHERE employee_id =1
2026-05-18 14:16:03 [TestNG-tests-1] [Thread-43] - Query Executed Successfully
2026-05-18 14:16:03 [TestNG-tests-1] [Thread-43] - Employee Data Fetched: {firstName=John paul, lastName=Chang, middleName=}
2026-05-18 14:16:16 [main] [Thread-1] - config.properties file loaded
2026-05-18 14:16:16 [TestNG-tests-2] [Thread-43] - Setting up WebDriver for: HomePageTest on browser: fireFox
2026-05-18 14:16:16 [TestNG-tests-1] [Thread-42] - Setting up WebDriver for: DBVerificationTest on browser: chrome
2026-05-18 14:16:18 [TestNG-tests-1] [Thread-42] - ChromeDriver Instance is created.
2026-05-18 14:16:20 [TestNG-tests-2] [Thread-43] - FirefoxDriver Instance is created.
2026-05-18 14:16:28 [TestNG-tests-1] [Thread-42] - WebDriver instance is created.
2026-05-18 14:16:30 [TestNG-tests-1] [Thread-42] - for test verifyEmployeeNameVerificationFromDB ActionDriver initialized for thread: 42
2026-05-18 14:16:30 [TestNG-tests-1] [Thread-42] - Applied the border with color green to element: Element with name: username
2026-05-18 14:16:30 [TestNG-tests-1] [Thread-42] - Entered text on Element with name: username-->admin
2026-05-18 14:16:30 [TestNG-tests-1] [Thread-42] - Applied the border with color green to element: Element with name: password
2026-05-18 14:16:31 [TestNG-tests-1] [Thread-42] - Entered text on Element with name: password-->Cocoy123!@#
2026-05-18 14:16:31 [TestNG-tests-1] [Thread-42] - Applied the border with color green to element: Element with text: Login
2026-05-18 14:16:31 [TestNG-tests-1] [Thread-42] - clicked an element-->Element with text: Login
2026-05-18 14:16:31 [TestNG-tests-2] [Thread-43] - WebDriver instance is created.
2026-05-18 14:16:32 [TestNG-tests-1] [Thread-42] - Failed to apply the border to an element: no such element: Unable to locate element: {"method":"xpath","selector":"//span[text()='PIM']"}
  (Session info: chrome=148.0.7778.168)
For documentation on this error, please visit: https://www.selenium.dev/documentation/webdriver/troubleshooting/errors#no-such-element-exception
Build info: version: '4.27.0', revision: 'd6e718d134'
System info: os.name: 'Windows 11', os.arch: 'amd64', os.version: '10.0', java.version: '21.0.2'
Driver info: org.openqa.selenium.chrome.ChromeDriver
Command: [b88c372b654ad416bb2d149eb18b05b9, findElement {using=xpath, value=//span[text()='PIM']}]
Capabilities {acceptInsecureCerts: false, browserName: chrome, browserVersion: 148.0.7778.168, chrome: {chromedriverVersion: 148.0.7778.167 (65db666ac2c..., userDataDir: C:\Users\cocoy\AppData\Loca...}, fedcm:accounts: true, goog:chromeOptions: {debuggerAddress: localhost:49895}, goog:processID: 27044, networkConnectionEnabled: false, pageLoadStrategy: normal, platformName: windows, proxy: Proxy(), se:cdp: ws://localhost:49895/devtoo..., se:cdpVersion: 148.0.7778.168, setWindowRect: true, strictFileInteractability: false, timeouts: {implicit: 0, pageLoad: 300000, script: 30000}, unhandledPromptBehavior: dismiss and notify, webauthn:extension:credBlob: true, webauthn:extension:largeBlob: true, webauthn:extension:minPinLength: true, webauthn:extension:prf: true, webauthn:virtualAuthenticators: true}
Session ID: b88c372b654ad416bb2d149eb18b05b9
2026-05-18 14:16:33 [TestNG-tests-2] [Thread-43] - for test verifyOrangeHRMLogo ActionDriver initialized for thread: 43
2026-05-18 14:16:33 [TestNG-tests-2] [Thread-43] - Applied the border with color green to element: Element with name: username
2026-05-18 14:16:33 [TestNG-tests-2] [Thread-43] - Entered text on Element with name: username-->admin
2026-05-18 14:16:33 [TestNG-tests-2] [Thread-43] - Applied the border with color green to element: Element with name: password
2026-05-18 14:16:33 [TestNG-tests-2] [Thread-43] - Entered text on Element with name: password-->Cocoy123!@#
2026-05-18 14:16:33 [TestNG-tests-2] [Thread-43] - Applied the border with color green to element: Element with text: Login
2026-05-18 14:16:34 [TestNG-tests-1] [Thread-42] - clicked an element-->Unable to describe element due to error: no such element: Unable to locate element: {"method":"xpath","selector":"//span[text()='PIM']"}
  (Session info: chrome=148.0.7778.168)
For documentation on this error, please visit: https://www.selenium.dev/documentation/webdriver/troubleshooting/errors#no-such-element-exception
Build info: version: '4.27.0', revision: 'd6e718d134'
System info: os.name: 'Windows 11', os.arch: 'amd64', os.version: '10.0', java.version: '21.0.2'
Driver info: org.openqa.selenium.chrome.ChromeDriver
Command: [b88c372b654ad416bb2d149eb18b05b9, findElement {using=xpath, value=//span[text()='PIM']}]
Capabilities {acceptInsecureCerts: false, browserName: chrome, browserVersion: 148.0.7778.168, chrome: {chromedriverVersion: 148.0.7778.167 (65db666ac2c..., userDataDir: C:\Users\cocoy\AppData\Loca...}, fedcm:accounts: true, goog:chromeOptions: {debuggerAddress: localhost:49895}, goog:processID: 27044, networkConnectionEnabled: false, pageLoadStrategy: normal, platformName: windows, proxy: Proxy(), se:cdp: ws://localhost:49895/devtoo..., se:cdpVersion: 148.0.7778.168, setWindowRect: true, strictFileInteractability: false, timeouts: {implicit: 0, pageLoad: 300000, script: 30000}, unhandledPromptBehavior: dismiss and notify, webauthn:extension:credBlob: true, webauthn:extension:largeBlob: true, webauthn:extension:minPinLength: true, webauthn:extension:prf: true, webauthn:virtualAuthenticators: true}
Session ID: b88c372b654ad416bb2d149eb18b05b9
2026-05-18 14:16:35 [TestNG-tests-2] [Thread-43] - clicked an element-->Element with text: Login
2026-05-18 14:16:35 [TestNG-tests-1] [Thread-42] - Applied the border with color green to element: Element with placeholder: Type for hints...
2026-05-18 14:16:35 [TestNG-tests-1] [Thread-42] - Entered text on Element with placeholder: Type for hints...-->john paul
2026-05-18 14:16:35 [TestNG-tests-1] [Thread-42] - Applied the border with color green to element: Element with text: Search
2026-05-18 14:16:35 [TestNG-tests-2] [Thread-43] - Applied the border with color green to element: Element located using: By.xpath: //div[@class='oxd-brand-banner']//img
2026-05-18 14:16:35 [TestNG-tests-2] [Thread-43] - Element is displayed Element located using: By.xpath: //div[@class='oxd-brand-banner']//img
2026-05-18 14:16:35 [TestNG-tests-1] [Thread-42] - clicked an element-->Element with text: Search
2026-05-18 14:16:35 [TestNG-tests-1] [Thread-42] - Failed to apply the border to an element: no such element: Unable to locate element: {"method":"xpath","selector":"//div[@class='oxd-table-card']/div/div[3]"}
  (Session info: chrome=148.0.7778.168)
For documentation on this error, please visit: https://www.selenium.dev/documentation/webdriver/troubleshooting/errors#no-such-element-exception
Build info: version: '4.27.0', revision: 'd6e718d134'
System info: os.name: 'Windows 11', os.arch: 'amd64', os.version: '10.0', java.version: '21.0.2'
Driver info: org.openqa.selenium.chrome.ChromeDriver
Command: [b88c372b654ad416bb2d149eb18b05b9, findElement {using=xpath, value=//div[@class='oxd-table-card']/div/div[3]}]
Capabilities {acceptInsecureCerts: false, browserName: chrome, browserVersion: 148.0.7778.168, chrome: {chromedriverVersion: 148.0.7778.167 (65db666ac2c..., userDataDir: C:\Users\cocoy\AppData\Loca...}, fedcm:accounts: true, goog:chromeOptions: {debuggerAddress: localhost:49895}, goog:processID: 27044, networkConnectionEnabled: false, pageLoadStrategy: normal, platformName: windows, proxy: Proxy(), se:cdp: ws://localhost:49895/devtoo..., se:cdpVersion: 148.0.7778.168, setWindowRect: true, strictFileInteractability: false, timeouts: {implicit: 0, pageLoad: 300000, script: 30000}, unhandledPromptBehavior: dismiss and notify, webauthn:extension:credBlob: true, webauthn:extension:largeBlob: true, webauthn:extension:minPinLength: true, webauthn:extension:prf: true, webauthn:virtualAuthenticators: true}
Session ID: b88c372b654ad416bb2d149eb18b05b9
2026-05-18 14:16:35 [TestNG-tests-1] [Thread-42] - Failed to apply the border to an element: no such element: Unable to locate element: {"method":"xpath","selector":"//div[@class='oxd-table-card']/div/div[3]"}
  (Session info: chrome=148.0.7778.168)
For documentation on this error, please visit: https://www.selenium.dev/documentation/webdriver/troubleshooting/errors#no-such-element-exception
Build info: version: '4.27.0', revision: 'd6e718d134'
System info: os.name: 'Windows 11', os.arch: 'amd64', os.version: '10.0', java.version: '21.0.2'
Driver info: org.openqa.selenium.chrome.ChromeDriver
Command: [b88c372b654ad416bb2d149eb18b05b9, findElement {using=xpath, value=//div[@class='oxd-table-card']/div/div[3]}]
Capabilities {acceptInsecureCerts: false, browserName: chrome, browserVersion: 148.0.7778.168, chrome: {chromedriverVersion: 148.0.7778.167 (65db666ac2c..., userDataDir: C:\Users\cocoy\AppData\Loca...}, fedcm:accounts: true, goog:chromeOptions: {debuggerAddress: localhost:49895}, goog:processID: 27044, networkConnectionEnabled: false, pageLoadStrategy: normal, platformName: windows, proxy: Proxy(), se:cdp: ws://localhost:49895/devtoo..., se:cdpVersion: 148.0.7778.168, setWindowRect: true, strictFileInteractability: false, timeouts: {implicit: 0, pageLoad: 300000, script: 30000}, unhandledPromptBehavior: dismiss and notify, webauthn:extension:credBlob: true, webauthn:extension:largeBlob: true, webauthn:extension:minPinLength: true, webauthn:extension:prf: true, webauthn:virtualAuthenticators: true}
Session ID: b88c372b654ad416bb2d149eb18b05b9
2026-05-18 14:16:35 [TestNG-tests-2] [Thread-43] - Applied the border with color green to element: Element with text: John paul Chang
2026-05-18 14:16:35 [TestNG-tests-2] [Thread-43] - clicked an element-->Element with text: John paul Chang
2026-05-18 14:16:36 [TestNG-tests-2] [Thread-43] - Applied the border with color green to element: Element with text: Logout
2026-05-18 14:16:36 [TestNG-tests-1] [Thread-42] - Starting DB Connection...
2026-05-18 14:16:36 [TestNG-tests-1] [Thread-42] - DB Connection Successful
2026-05-18 14:16:36 [TestNG-tests-1] [Thread-42] - Executing query: SELECT emp_firstname, emp_middle_name, emp_lastname FROM hs_hr_employee WHERE employee_id =1
2026-05-18 14:16:36 [TestNG-tests-1] [Thread-42] - Query Executed Successfully
2026-05-18 14:16:36 [TestNG-tests-1] [Thread-42] - Employee Data Fetched: {firstName=John paul, lastName=Chang, middleName=}
2026-05-18 14:16:37 [TestNG-tests-1] [Thread-42] - Applied the border with color green to element: Element with text: John paul
2026-05-18 14:16:37 [TestNG-tests-1] [Thread-42] - Texts are Matching:John paul equals John paul
2026-05-18 14:16:37 [TestNG-tests-1] [Thread-42] - Applied the border with color green to element: Element with text: Chang
2026-05-18 14:16:37 [TestNG-tests-1] [Thread-42] - Texts are Matching:Chang equals Chang
2026-05-18 14:16:37 [TestNG-tests-2] [Thread-43] - clicked an element-->Element with text: Logout
2026-05-18 14:16:37 [TestNG-tests-1] [Thread-42] - WebDriver instance is closed.
2026-05-18 14:16:37 [TestNG-tests-1] [Thread-42] - Setting up WebDriver for: DBVerificationTest on browser: chrome
2026-05-18 14:16:38 [TestNG-tests-2] [Thread-43] - WebDriver instance is closed.
2026-05-18 14:16:38 [TestNG-tests-1] [Thread-42] - ChromeDriver Instance is created.
2026-05-18 14:16:49 [TestNG-tests-1] [Thread-42] - WebDriver instance is created.
2026-05-18 14:16:51 [TestNG-tests-1] [Thread-42] - for test verifyEmployeeNameVerificationFromDB ActionDriver initialized for thread: 42
2026-05-18 14:16:51 [TestNG-tests-1] [Thread-42] - Applied the border with color green to element: Element with name: username
2026-05-18 14:16:51 [TestNG-tests-1] [Thread-42] - Entered text on Element with name: username-->admin
2026-05-18 14:16:51 [TestNG-tests-1] [Thread-42] - Applied the border with color green to element: Element with name: password
2026-05-18 14:16:51 [TestNG-tests-1] [Thread-42] - Entered text on Element with name: password-->Cocoy123!@#
2026-05-18 14:16:51 [TestNG-tests-1] [Thread-42] - Applied the border with color green to element: Element with text: Login
2026-05-18 14:16:51 [TestNG-tests-1] [Thread-42] - clicked an element-->Element with text: Login
2026-05-18 14:16:52 [TestNG-tests-1] [Thread-42] - Failed to apply the border to an element: no such element: Unable to locate element: {"method":"xpath","selector":"//span[text()='PIM']"}
  (Session info: chrome=148.0.7778.168)
For documentation on this error, please visit: https://www.selenium.dev/documentation/webdriver/troubleshooting/errors#no-such-element-exception
Build info: version: '4.27.0', revision: 'd6e718d134'
System info: os.name: 'Windows 11', os.arch: 'amd64', os.version: '10.0', java.version: '21.0.2'
Driver info: org.openqa.selenium.chrome.ChromeDriver
Command: [b8cfb7ca60eb67d155b5c614bf48f8bc, findElement {using=xpath, value=//span[text()='PIM']}]
Capabilities {acceptInsecureCerts: false, browserName: chrome, browserVersion: 148.0.7778.168, chrome: {chromedriverVersion: 148.0.7778.167 (65db666ac2c..., userDataDir: C:\Users\cocoy\AppData\Loca...}, fedcm:accounts: true, goog:chromeOptions: {debuggerAddress: localhost:65511}, goog:processID: 11444, networkConnectionEnabled: false, pageLoadStrategy: normal, platformName: windows, proxy: Proxy(), se:cdp: ws://localhost:65511/devtoo..., se:cdpVersion: 148.0.7778.168, setWindowRect: true, strictFileInteractability: false, timeouts: {implicit: 0, pageLoad: 300000, script: 30000}, unhandledPromptBehavior: dismiss and notify, webauthn:extension:credBlob: true, webauthn:extension:largeBlob: true, webauthn:extension:minPinLength: true, webauthn:extension:prf: true, webauthn:virtualAuthenticators: true}
Session ID: b8cfb7ca60eb67d155b5c614bf48f8bc
2026-05-18 14:16:54 [TestNG-tests-1] [Thread-42] - clicked an element-->Unable to describe element due to error: no such element: Unable to locate element: {"method":"xpath","selector":"//span[text()='PIM']"}
  (Session info: chrome=148.0.7778.168)
For documentation on this error, please visit: https://www.selenium.dev/documentation/webdriver/troubleshooting/errors#no-such-element-exception
Build info: version: '4.27.0', revision: 'd6e718d134'
System info: os.name: 'Windows 11', os.arch: 'amd64', os.version: '10.0', java.version: '21.0.2'
Driver info: org.openqa.selenium.chrome.ChromeDriver
Command: [b8cfb7ca60eb67d155b5c614bf48f8bc, findElement {using=xpath, value=//span[text()='PIM']}]
Capabilities {acceptInsecureCerts: false, browserName: chrome, browserVersion: 148.0.7778.168, chrome: {chromedriverVersion: 148.0.7778.167 (65db666ac2c..., userDataDir: C:\Users\cocoy\AppData\Loca...}, fedcm:accounts: true, goog:chromeOptions: {debuggerAddress: localhost:65511}, goog:processID: 11444, networkConnectionEnabled: false, pageLoadStrategy: normal, platformName: windows, proxy: Proxy(), se:cdp: ws://localhost:65511/devtoo..., se:cdpVersion: 148.0.7778.168, setWindowRect: true, strictFileInteractability: false, timeouts: {implicit: 0, pageLoad: 300000, script: 30000}, unhandledPromptBehavior: dismiss and notify, webauthn:extension:credBlob: true, webauthn:extension:largeBlob: true, webauthn:extension:minPinLength: true, webauthn:extension:prf: true, webauthn:virtualAuthenticators: true}
Session ID: b8cfb7ca60eb67d155b5c614bf48f8bc
2026-05-18 14:16:54 [TestNG-tests-1] [Thread-42] - Applied the border with color green to element: Element with placeholder: Type for hints...
2026-05-18 14:16:54 [TestNG-tests-1] [Thread-42] - Entered text on Element with placeholder: Type for hints...-->wachum
2026-05-18 14:16:55 [TestNG-tests-1] [Thread-42] - Applied the border with color green to element: Element with text: Search
2026-05-18 14:16:55 [TestNG-tests-1] [Thread-42] - clicked an element-->Element with text: Search
2026-05-18 14:16:55 [TestNG-tests-1] [Thread-42] - Failed to apply the border to an element: no such element: Unable to locate element: {"method":"xpath","selector":"//div[@class='oxd-table-card']/div/div[3]"}
  (Session info: chrome=148.0.7778.168)
For documentation on this error, please visit: https://www.selenium.dev/documentation/webdriver/troubleshooting/errors#no-such-element-exception
Build info: version: '4.27.0', revision: 'd6e718d134'
System info: os.name: 'Windows 11', os.arch: 'amd64', os.version: '10.0', java.version: '21.0.2'
Driver info: org.openqa.selenium.chrome.ChromeDriver
Command: [b8cfb7ca60eb67d155b5c614bf48f8bc, findElement {using=xpath, value=//div[@class='oxd-table-card']/div/div[3]}]
Capabilities {acceptInsecureCerts: false, browserName: chrome, browserVersion: 148.0.7778.168, chrome: {chromedriverVersion: 148.0.7778.167 (65db666ac2c..., userDataDir: C:\Users\cocoy\AppData\Loca...}, fedcm:accounts: true, goog:chromeOptions: {debuggerAddress: localhost:65511}, goog:processID: 11444, networkConnectionEnabled: false, pageLoadStrategy: normal, platformName: windows, proxy: Proxy(), se:cdp: ws://localhost:65511/devtoo..., se:cdpVersion: 148.0.7778.168, setWindowRect: true, strictFileInteractability: false, timeouts: {implicit: 0, pageLoad: 300000, script: 30000}, unhandledPromptBehavior: dismiss and notify, webauthn:extension:credBlob: true, webauthn:extension:largeBlob: true, webauthn:extension:minPinLength: true, webauthn:extension:prf: true, webauthn:virtualAuthenticators: true}
Session ID: b8cfb7ca60eb67d155b5c614bf48f8bc
2026-05-18 14:16:56 [TestNG-tests-1] [Thread-42] - Starting DB Connection...
2026-05-18 14:16:56 [TestNG-tests-1] [Thread-42] - DB Connection Successful
2026-05-18 14:16:56 [TestNG-tests-1] [Thread-42] - Executing query: SELECT emp_firstname, emp_middle_name, emp_lastname FROM hs_hr_employee WHERE employee_id =2
2026-05-18 14:16:56 [TestNG-tests-1] [Thread-42] - Query Executed Successfully
2026-05-18 14:16:56 [TestNG-tests-1] [Thread-42] - Employee Data Fetched: {firstName=wachum, lastName=pong, middleName=}
2026-05-18 14:16:56 [TestNG-tests-1] [Thread-42] - Applied the border with color green to element: Element with text: wachum
2026-05-18 14:16:56 [TestNG-tests-1] [Thread-42] - Texts are Matching:wachum equals wachum
2026-05-18 14:16:56 [TestNG-tests-1] [Thread-42] - Applied the border with color green to element: Element with text: pong
2026-05-18 14:16:56 [TestNG-tests-1] [Thread-42] - Texts are Matching:pong equals pong
2026-05-18 14:16:56 [TestNG-tests-1] [Thread-42] - WebDriver instance is closed.
2026-05-18 14:16:56 [TestNG-tests-1] [Thread-42] - Setting up WebDriver for: HomePageTest on browser: chrome
2026-05-18 14:16:57 [TestNG-tests-1] [Thread-42] - ChromeDriver Instance is created.
2026-05-18 14:17:08 [TestNG-tests-1] [Thread-42] - WebDriver instance is created.
2026-05-18 14:17:10 [TestNG-tests-1] [Thread-42] - for test verifyOrangeHRMLogo ActionDriver initialized for thread: 42
2026-05-18 14:17:10 [TestNG-tests-1] [Thread-42] - Applied the border with color green to element: Element with name: username
2026-05-18 14:17:10 [TestNG-tests-1] [Thread-42] - Entered text on Element with name: username-->admin
2026-05-18 14:17:10 [TestNG-tests-1] [Thread-42] - Applied the border with color green to element: Element with name: password
2026-05-18 14:17:10 [TestNG-tests-1] [Thread-42] - Entered text on Element with name: password-->Cocoy123!@#
2026-05-18 14:17:10 [TestNG-tests-1] [Thread-42] - Applied the border with color green to element: Element with text: Login
2026-05-18 14:17:10 [TestNG-tests-1] [Thread-42] - clicked an element-->Element with text: Login
2026-05-18 14:17:12 [TestNG-tests-1] [Thread-42] - Applied the border with color green to element: Element located using: By.xpath: //div[@class='oxd-brand-banner']//img
2026-05-18 14:17:12 [TestNG-tests-1] [Thread-42] - Element is displayed Element located using: By.xpath: //div[@class='oxd-brand-banner']//img
2026-05-18 14:17:12 [TestNG-tests-1] [Thread-42] - Applied the border with color green to element: Element with text: John paul Chang
2026-05-18 14:17:12 [TestNG-tests-1] [Thread-42] - clicked an element-->Element with text: John paul Chang
2026-05-18 14:17:12 [TestNG-tests-1] [Thread-42] - Applied the border with color green to element: Element with text: Logout
2026-05-18 14:17:13 [TestNG-tests-1] [Thread-42] - clicked an element-->Element with text: Logout
2026-05-18 14:17:13 [TestNG-tests-1] [Thread-42] - WebDriver instance is closed.
2026-05-18 15:45:32 [main] [Thread-1] - config.properties file loaded
2026-05-18 15:45:33 [TestNG-tests-2] [Thread-45] - Setting up WebDriver for: HomePageTest on browser: fireFox
2026-05-18 15:45:34 [TestNG-tests-1] [Thread-44] - Setting up WebDriver for: DBVerificationTest on browser: chrome
2026-05-18 15:45:35 [TestNG-tests-1] [Thread-44] - ChromeDriver Instance is created.
2026-05-18 15:45:37 [TestNG-tests-2] [Thread-45] - FirefoxDriver Instance is created.
2026-05-18 15:45:46 [TestNG-tests-1] [Thread-44] - WebDriver instance is created.
2026-05-18 15:45:47 [TestNG-tests-2] [Thread-45] - WebDriver instance is created.
2026-05-18 15:45:48 [TestNG-tests-1] [Thread-44] - for test verifyEmployeeNameVerificationFromDB ActionDriver initialized for thread: 44
2026-05-18 15:45:48 [TestNG-tests-1] [Thread-44] - Applied the border with color green to element: Element with name: username
2026-05-18 15:45:48 [TestNG-tests-1] [Thread-44] - Entered text on Element with name: username-->admin
2026-05-18 15:45:48 [TestNG-tests-1] [Thread-44] - Applied the border with color green to element: Element with name: password
2026-05-18 15:45:48 [TestNG-tests-1] [Thread-44] - Entered text on Element with name: password-->Cocoy123!@#
2026-05-18 15:45:48 [TestNG-tests-1] [Thread-44] - Applied the border with color green to element: Element with text: Login
2026-05-18 15:45:48 [TestNG-tests-1] [Thread-44] - clicked an element-->Element with text: Login
2026-05-18 15:45:49 [TestNG-tests-1] [Thread-44] - Failed to apply the border to an element: no such element: Unable to locate element: {"method":"xpath","selector":"//span[text()='PIM']"}
  (Session info: chrome=148.0.7778.168)
For documentation on this error, please visit: https://www.selenium.dev/documentation/webdriver/troubleshooting/errors#no-such-element-exception
Build info: version: '4.27.0', revision: 'd6e718d134'
System info: os.name: 'Windows 11', os.arch: 'amd64', os.version: '10.0', java.version: '21.0.2'
Driver info: org.openqa.selenium.chrome.ChromeDriver
Command: [a1d746406a176ce57a44e8602a4d6a18, findElement {value=//span[text()='PIM'], using=xpath}]
Capabilities {acceptInsecureCerts: false, browserName: chrome, browserVersion: 148.0.7778.168, chrome: {chromedriverVersion: 148.0.7778.167 (65db666ac2c..., userDataDir: C:\Users\cocoy\AppData\Loca...}, fedcm:accounts: true, goog:chromeOptions: {debuggerAddress: localhost:57940}, goog:processID: 22044, networkConnectionEnabled: false, pageLoadStrategy: normal, platformName: windows, proxy: Proxy(), se:cdp: ws://localhost:57940/devtoo..., se:cdpVersion: 148.0.7778.168, setWindowRect: true, strictFileInteractability: false, timeouts: {implicit: 0, pageLoad: 300000, script: 30000}, unhandledPromptBehavior: dismiss and notify, webauthn:extension:credBlob: true, webauthn:extension:largeBlob: true, webauthn:extension:minPinLength: true, webauthn:extension:prf: true, webauthn:virtualAuthenticators: true}
Session ID: a1d746406a176ce57a44e8602a4d6a18
2026-05-18 15:45:49 [TestNG-tests-2] [Thread-45] - for test verifyOrangeHRMLogo ActionDriver initialized for thread: 45
2026-05-18 15:45:49 [TestNG-tests-2] [Thread-45] - Applied the border with color green to element: Element with name: username
2026-05-18 15:45:49 [TestNG-tests-2] [Thread-45] - Entered text on Element with name: username-->admin
2026-05-18 15:45:49 [TestNG-tests-2] [Thread-45] - Applied the border with color green to element: Element with name: password
2026-05-18 15:45:50 [TestNG-tests-2] [Thread-45] - Entered text on Element with name: password-->Cocoy123!@#
2026-05-18 15:45:50 [TestNG-tests-2] [Thread-45] - Applied the border with color green to element: Element with text: Login
2026-05-18 15:45:51 [TestNG-tests-2] [Thread-45] - clicked an element-->Element with text: Login
2026-05-18 15:45:51 [TestNG-tests-2] [Thread-45] - Applied the border with color green to element: Element located using: By.xpath: //div[@class='oxd-brand-banner']//img
2026-05-18 15:45:51 [TestNG-tests-2] [Thread-45] - Element is displayed Element located using: By.xpath: //div[@class='oxd-brand-banner']//img
2026-05-18 15:45:51 [TestNG-tests-1] [Thread-44] - clicked an element-->Unable to describe element due to error: no such element: Unable to locate element: {"method":"xpath","selector":"//span[text()='PIM']"}
  (Session info: chrome=148.0.7778.168)
For documentation on this error, please visit: https://www.selenium.dev/documentation/webdriver/troubleshooting/errors#no-such-element-exception
Build info: version: '4.27.0', revision: 'd6e718d134'
System info: os.name: 'Windows 11', os.arch: 'amd64', os.version: '10.0', java.version: '21.0.2'
Driver info: org.openqa.selenium.chrome.ChromeDriver
Command: [a1d746406a176ce57a44e8602a4d6a18, findElement {value=//span[text()='PIM'], using=xpath}]
Capabilities {acceptInsecureCerts: false, browserName: chrome, browserVersion: 148.0.7778.168, chrome: {chromedriverVersion: 148.0.7778.167 (65db666ac2c..., userDataDir: C:\Users\cocoy\AppData\Loca...}, fedcm:accounts: true, goog:chromeOptions: {debuggerAddress: localhost:57940}, goog:processID: 22044, networkConnectionEnabled: false, pageLoadStrategy: normal, platformName: windows, proxy: Proxy(), se:cdp: ws://localhost:57940/devtoo..., se:cdpVersion: 148.0.7778.168, setWindowRect: true, strictFileInteractability: false, timeouts: {implicit: 0, pageLoad: 300000, script: 30000}, unhandledPromptBehavior: dismiss and notify, webauthn:extension:credBlob: true, webauthn:extension:largeBlob: true, webauthn:extension:minPinLength: true, webauthn:extension:prf: true, webauthn:virtualAuthenticators: true}
Session ID: a1d746406a176ce57a44e8602a4d6a18
2026-05-18 15:45:51 [TestNG-tests-2] [Thread-45] - Applied the border with color green to element: Element with text: John paul Chang
2026-05-18 15:45:52 [TestNG-tests-2] [Thread-45] - clicked an element-->Element with text: John paul Chang
2026-05-18 15:45:52 [TestNG-tests-2] [Thread-45] - Applied the border with color green to element: Element with text: Logout
2026-05-18 15:45:52 [TestNG-tests-1] [Thread-44] - Applied the border with color green to element: Element with placeholder: Type for hints...
2026-05-18 15:45:52 [TestNG-tests-1] [Thread-44] - Entered text on Element with placeholder: Type for hints...-->john paul
2026-05-18 15:45:52 [TestNG-tests-1] [Thread-44] - Applied the border with color green to element: Element with text: Search
2026-05-18 15:45:52 [TestNG-tests-1] [Thread-44] - clicked an element-->Element with text: Search
2026-05-18 15:45:52 [TestNG-tests-1] [Thread-44] - Failed to apply the border to an element: no such element: Unable to locate element: {"method":"xpath","selector":"//div[@class='oxd-table-card']/div/div[3]"}
  (Session info: chrome=148.0.7778.168)
For documentation on this error, please visit: https://www.selenium.dev/documentation/webdriver/troubleshooting/errors#no-such-element-exception
Build info: version: '4.27.0', revision: 'd6e718d134'
System info: os.name: 'Windows 11', os.arch: 'amd64', os.version: '10.0', java.version: '21.0.2'
Driver info: org.openqa.selenium.chrome.ChromeDriver
Command: [a1d746406a176ce57a44e8602a4d6a18, findElement {value=//div[@class='oxd-table-card']/div/div[3], using=xpath}]
Capabilities {acceptInsecureCerts: false, browserName: chrome, browserVersion: 148.0.7778.168, chrome: {chromedriverVersion: 148.0.7778.167 (65db666ac2c..., userDataDir: C:\Users\cocoy\AppData\Loca...}, fedcm:accounts: true, goog:chromeOptions: {debuggerAddress: localhost:57940}, goog:processID: 22044, networkConnectionEnabled: false, pageLoadStrategy: normal, platformName: windows, proxy: Proxy(), se:cdp: ws://localhost:57940/devtoo..., se:cdpVersion: 148.0.7778.168, setWindowRect: true, strictFileInteractability: false, timeouts: {implicit: 0, pageLoad: 300000, script: 30000}, unhandledPromptBehavior: dismiss and notify, webauthn:extension:credBlob: true, webauthn:extension:largeBlob: true, webauthn:extension:minPinLength: true, webauthn:extension:prf: true, webauthn:virtualAuthenticators: true}
Session ID: a1d746406a176ce57a44e8602a4d6a18
2026-05-18 15:45:52 [TestNG-tests-1] [Thread-44] - Failed to apply the border to an element: no such element: Unable to locate element: {"method":"xpath","selector":"//div[@class='oxd-table-card']/div/div[3]"}
  (Session info: chrome=148.0.7778.168)
For documentation on this error, please visit: https://www.selenium.dev/documentation/webdriver/troubleshooting/errors#no-such-element-exception
Build info: version: '4.27.0', revision: 'd6e718d134'
System info: os.name: 'Windows 11', os.arch: 'amd64', os.version: '10.0', java.version: '21.0.2'
Driver info: org.openqa.selenium.chrome.ChromeDriver
Command: [a1d746406a176ce57a44e8602a4d6a18, findElement {value=//div[@class='oxd-table-card']/div/div[3], using=xpath}]
Capabilities {acceptInsecureCerts: false, browserName: chrome, browserVersion: 148.0.7778.168, chrome: {chromedriverVersion: 148.0.7778.167 (65db666ac2c..., userDataDir: C:\Users\cocoy\AppData\Loca...}, fedcm:accounts: true, goog:chromeOptions: {debuggerAddress: localhost:57940}, goog:processID: 22044, networkConnectionEnabled: false, pageLoadStrategy: normal, platformName: windows, proxy: Proxy(), se:cdp: ws://localhost:57940/devtoo..., se:cdpVersion: 148.0.7778.168, setWindowRect: true, strictFileInteractability: false, timeouts: {implicit: 0, pageLoad: 300000, script: 30000}, unhandledPromptBehavior: dismiss and notify, webauthn:extension:credBlob: true, webauthn:extension:largeBlob: true, webauthn:extension:minPinLength: true, webauthn:extension:prf: true, webauthn:virtualAuthenticators: true}
Session ID: a1d746406a176ce57a44e8602a4d6a18
2026-05-18 15:45:53 [TestNG-tests-2] [Thread-45] - clicked an element-->Element with text: Logout
2026-05-18 15:45:53 [TestNG-tests-2] [Thread-45] - WebDriver instance is closed.
2026-05-18 15:45:53 [TestNG-tests-1] [Thread-44] - Starting DB Connection...
2026-05-18 15:45:54 [TestNG-tests-1] [Thread-44] - DB Connection Successful
2026-05-18 15:45:54 [TestNG-tests-1] [Thread-44] - Executing query: SELECT emp_firstname, emp_middle_name, emp_lastname FROM hs_hr_employee WHERE employee_id =1
2026-05-18 15:45:54 [TestNG-tests-1] [Thread-44] - Query Executed Successfully
2026-05-18 15:45:54 [TestNG-tests-1] [Thread-44] - Employee Data Fetched: {firstName=John paul, lastName=Chang, middleName=}
2026-05-18 15:45:54 [TestNG-tests-1] [Thread-44] - Applied the border with color green to element: Element with text: John paul
2026-05-18 15:45:54 [TestNG-tests-1] [Thread-44] - Texts are Matching:John paul equals John paul
2026-05-18 15:45:54 [TestNG-tests-1] [Thread-44] - Applied the border with color green to element: Element with text: Chang
2026-05-18 15:45:54 [TestNG-tests-1] [Thread-44] - Texts are Matching:Chang equals Chang
2026-05-18 15:45:54 [TestNG-tests-1] [Thread-44] - WebDriver instance is closed.
2026-05-18 15:45:54 [TestNG-tests-1] [Thread-44] - Setting up WebDriver for: DBVerificationTest on browser: chrome
2026-05-18 15:45:55 [TestNG-tests-1] [Thread-44] - ChromeDriver Instance is created.
2026-05-18 15:46:05 [TestNG-tests-1] [Thread-44] - WebDriver instance is created.
2026-05-18 15:46:07 [TestNG-tests-1] [Thread-44] - for test verifyEmployeeNameVerificationFromDB ActionDriver initialized for thread: 44
2026-05-18 15:46:08 [TestNG-tests-1] [Thread-44] - Applied the border with color green to element: Element with name: username
2026-05-18 15:46:08 [TestNG-tests-1] [Thread-44] - Entered text on Element with name: username-->admin
2026-05-18 15:46:08 [TestNG-tests-1] [Thread-44] - Applied the border with color green to element: Element with name: password
2026-05-18 15:46:08 [TestNG-tests-1] [Thread-44] - Entered text on Element with name: password-->Cocoy123!@#
2026-05-18 15:46:08 [TestNG-tests-1] [Thread-44] - Applied the border with color green to element: Element with text: Login
2026-05-18 15:46:08 [TestNG-tests-1] [Thread-44] - clicked an element-->Element with text: Login
2026-05-18 15:46:09 [TestNG-tests-1] [Thread-44] - Failed to apply the border to an element: no such element: Unable to locate element: {"method":"xpath","selector":"//span[text()='PIM']"}
  (Session info: chrome=148.0.7778.168)
For documentation on this error, please visit: https://www.selenium.dev/documentation/webdriver/troubleshooting/errors#no-such-element-exception
Build info: version: '4.27.0', revision: 'd6e718d134'
System info: os.name: 'Windows 11', os.arch: 'amd64', os.version: '10.0', java.version: '21.0.2'
Driver info: org.openqa.selenium.chrome.ChromeDriver
Command: [3db30d1e72185ecda137e8ed51efce62, findElement {value=//span[text()='PIM'], using=xpath}]
Capabilities {acceptInsecureCerts: false, browserName: chrome, browserVersion: 148.0.7778.168, chrome: {chromedriverVersion: 148.0.7778.167 (65db666ac2c..., userDataDir: C:\Users\cocoy\AppData\Loca...}, fedcm:accounts: true, goog:chromeOptions: {debuggerAddress: localhost:60533}, goog:processID: 32924, networkConnectionEnabled: false, pageLoadStrategy: normal, platformName: windows, proxy: Proxy(), se:cdp: ws://localhost:60533/devtoo..., se:cdpVersion: 148.0.7778.168, setWindowRect: true, strictFileInteractability: false, timeouts: {implicit: 0, pageLoad: 300000, script: 30000}, unhandledPromptBehavior: dismiss and notify, webauthn:extension:credBlob: true, webauthn:extension:largeBlob: true, webauthn:extension:minPinLength: true, webauthn:extension:prf: true, webauthn:virtualAuthenticators: true}
Session ID: 3db30d1e72185ecda137e8ed51efce62
2026-05-18 15:46:11 [TestNG-tests-1] [Thread-44] - clicked an element-->Unable to describe element due to error: no such element: Unable to locate element: {"method":"xpath","selector":"//span[text()='PIM']"}
  (Session info: chrome=148.0.7778.168)
For documentation on this error, please visit: https://www.selenium.dev/documentation/webdriver/troubleshooting/errors#no-such-element-exception
Build info: version: '4.27.0', revision: 'd6e718d134'
System info: os.name: 'Windows 11', os.arch: 'amd64', os.version: '10.0', java.version: '21.0.2'
Driver info: org.openqa.selenium.chrome.ChromeDriver
Command: [3db30d1e72185ecda137e8ed51efce62, findElement {value=//span[text()='PIM'], using=xpath}]
Capabilities {acceptInsecureCerts: false, browserName: chrome, browserVersion: 148.0.7778.168, chrome: {chromedriverVersion: 148.0.7778.167 (65db666ac2c..., userDataDir: C:\Users\cocoy\AppData\Loca...}, fedcm:accounts: true, goog:chromeOptions: {debuggerAddress: localhost:60533}, goog:processID: 32924, networkConnectionEnabled: false, pageLoadStrategy: normal, platformName: windows, proxy: Proxy(), se:cdp: ws://localhost:60533/devtoo..., se:cdpVersion: 148.0.7778.168, setWindowRect: true, strictFileInteractability: false, timeouts: {implicit: 0, pageLoad: 300000, script: 30000}, unhandledPromptBehavior: dismiss and notify, webauthn:extension:credBlob: true, webauthn:extension:largeBlob: true, webauthn:extension:minPinLength: true, webauthn:extension:prf: true, webauthn:virtualAuthenticators: true}
Session ID: 3db30d1e72185ecda137e8ed51efce62
2026-05-18 15:46:11 [TestNG-tests-1] [Thread-44] - Applied the border with color green to element: Element with placeholder: Type for hints...
2026-05-18 15:46:11 [TestNG-tests-1] [Thread-44] - Entered text on Element with placeholder: Type for hints...-->wachum
2026-05-18 15:46:11 [TestNG-tests-1] [Thread-44] - Applied the border with color green to element: Element with text: Search
2026-05-18 15:46:11 [TestNG-tests-1] [Thread-44] - clicked an element-->Element with text: Search
2026-05-18 15:46:11 [TestNG-tests-1] [Thread-44] - Failed to apply the border to an element: no such element: Unable to locate element: {"method":"xpath","selector":"//div[@class='oxd-table-card']/div/div[3]"}
  (Session info: chrome=148.0.7778.168)
For documentation on this error, please visit: https://www.selenium.dev/documentation/webdriver/troubleshooting/errors#no-such-element-exception
Build info: version: '4.27.0', revision: 'd6e718d134'
System info: os.name: 'Windows 11', os.arch: 'amd64', os.version: '10.0', java.version: '21.0.2'
Driver info: org.openqa.selenium.chrome.ChromeDriver
Command: [3db30d1e72185ecda137e8ed51efce62, findElement {value=//div[@class='oxd-table-card']/div/div[3], using=xpath}]
Capabilities {acceptInsecureCerts: false, browserName: chrome, browserVersion: 148.0.7778.168, chrome: {chromedriverVersion: 148.0.7778.167 (65db666ac2c..., userDataDir: C:\Users\cocoy\AppData\Loca...}, fedcm:accounts: true, goog:chromeOptions: {debuggerAddress: localhost:60533}, goog:processID: 32924, networkConnectionEnabled: false, pageLoadStrategy: normal, platformName: windows, proxy: Proxy(), se:cdp: ws://localhost:60533/devtoo..., se:cdpVersion: 148.0.7778.168, setWindowRect: true, strictFileInteractability: false, timeouts: {implicit: 0, pageLoad: 300000, script: 30000}, unhandledPromptBehavior: dismiss and notify, webauthn:extension:credBlob: true, webauthn:extension:largeBlob: true, webauthn:extension:minPinLength: true, webauthn:extension:prf: true, webauthn:virtualAuthenticators: true}
Session ID: 3db30d1e72185ecda137e8ed51efce62
2026-05-18 15:46:11 [TestNG-tests-1] [Thread-44] - Failed to apply the border to an element: no such element: Unable to locate element: {"method":"xpath","selector":"//div[@class='oxd-table-card']/div/div[3]"}
  (Session info: chrome=148.0.7778.168)
For documentation on this error, please visit: https://www.selenium.dev/documentation/webdriver/troubleshooting/errors#no-such-element-exception
Build info: version: '4.27.0', revision: 'd6e718d134'
System info: os.name: 'Windows 11', os.arch: 'amd64', os.version: '10.0', java.version: '21.0.2'
Driver info: org.openqa.selenium.chrome.ChromeDriver
Command: [3db30d1e72185ecda137e8ed51efce62, findElement {value=//div[@class='oxd-table-card']/div/div[3], using=xpath}]
Capabilities {acceptInsecureCerts: false, browserName: chrome, browserVersion: 148.0.7778.168, chrome: {chromedriverVersion: 148.0.7778.167 (65db666ac2c..., userDataDir: C:\Users\cocoy\AppData\Loca...}, fedcm:accounts: true, goog:chromeOptions: {debuggerAddress: localhost:60533}, goog:processID: 32924, networkConnectionEnabled: false, pageLoadStrategy: normal, platformName: windows, proxy: Proxy(), se:cdp: ws://localhost:60533/devtoo..., se:cdpVersion: 148.0.7778.168, setWindowRect: true, strictFileInteractability: false, timeouts: {implicit: 0, pageLoad: 300000, script: 30000}, unhandledPromptBehavior: dismiss and notify, webauthn:extension:credBlob: true, webauthn:extension:largeBlob: true, webauthn:extension:minPinLength: true, webauthn:extension:prf: true, webauthn:virtualAuthenticators: true}
Session ID: 3db30d1e72185ecda137e8ed51efce62
2026-05-18 15:46:12 [TestNG-tests-1] [Thread-44] - Starting DB Connection...
2026-05-18 15:46:12 [TestNG-tests-1] [Thread-44] - DB Connection Successful
2026-05-18 15:46:12 [TestNG-tests-1] [Thread-44] - Executing query: SELECT emp_firstname, emp_middle_name, emp_lastname FROM hs_hr_employee WHERE employee_id =2
2026-05-18 15:46:12 [TestNG-tests-1] [Thread-44] - Query Executed Successfully
2026-05-18 15:46:12 [TestNG-tests-1] [Thread-44] - Employee Data Fetched: {firstName=wachum, lastName=pong, middleName=}
2026-05-18 15:46:12 [TestNG-tests-1] [Thread-44] - Applied the border with color green to element: Element with text: wachum
2026-05-18 15:46:12 [TestNG-tests-1] [Thread-44] - Texts are Matching:wachum equals wachum
2026-05-18 15:46:13 [TestNG-tests-1] [Thread-44] - Applied the border with color green to element: Element with text: pong
2026-05-18 15:46:13 [TestNG-tests-1] [Thread-44] - Texts are Matching:pong equals pong
2026-05-18 15:46:13 [TestNG-tests-1] [Thread-44] - WebDriver instance is closed.
2026-05-18 15:46:13 [TestNG-tests-1] [Thread-44] - Setting up WebDriver for: HomePageTest on browser: chrome
2026-05-18 15:46:14 [TestNG-tests-1] [Thread-44] - ChromeDriver Instance is created.
2026-05-18 15:46:24 [TestNG-tests-1] [Thread-44] - WebDriver instance is created.
2026-05-18 15:46:26 [TestNG-tests-1] [Thread-44] - for test verifyOrangeHRMLogo ActionDriver initialized for thread: 44
2026-05-18 15:46:26 [TestNG-tests-1] [Thread-44] - Applied the border with color green to element: Element with name: username
2026-05-18 15:46:26 [TestNG-tests-1] [Thread-44] - Entered text on Element with name: username-->admin
2026-05-18 15:46:26 [TestNG-tests-1] [Thread-44] - Applied the border with color green to element: Element with name: password
2026-05-18 15:46:26 [TestNG-tests-1] [Thread-44] - Entered text on Element with name: password-->Cocoy123!@#
2026-05-18 15:46:26 [TestNG-tests-1] [Thread-44] - Applied the border with color green to element: Element with text: Login
2026-05-18 15:46:27 [TestNG-tests-1] [Thread-44] - clicked an element-->Element with text: Login
2026-05-18 15:46:28 [TestNG-tests-1] [Thread-44] - Applied the border with color green to element: Element located using: By.xpath: //div[@class='oxd-brand-banner']//img
2026-05-18 15:46:28 [TestNG-tests-1] [Thread-44] - Element is displayed Element located using: By.xpath: //div[@class='oxd-brand-banner']//img
2026-05-18 15:46:28 [TestNG-tests-1] [Thread-44] - Applied the border with color green to element: Element with text: John paul Chang
2026-05-18 15:46:28 [TestNG-tests-1] [Thread-44] - clicked an element-->Element with text: John paul Chang
2026-05-18 15:46:28 [TestNG-tests-1] [Thread-44] - Applied the border with color green to element: Element with text: Logout
2026-05-18 15:46:29 [TestNG-tests-1] [Thread-44] - clicked an element-->Element located using: By.xpath: //a[text()='Logout']
2026-05-18 15:46:29 [TestNG-tests-1] [Thread-44] - WebDriver instance is closed.
2026-05-18 15:49:33 [main] [Thread-1] - config.properties file loaded
2026-05-18 15:49:33 [TestNG-tests-2] [Thread-45] - Setting up WebDriver for: HomePageTest on browser: fireFox
2026-05-18 15:49:35 [TestNG-tests-1] [Thread-44] - Setting up WebDriver for: DBVerificationTest on browser: chrome
2026-05-18 15:49:36 [TestNG-tests-1] [Thread-44] - ChromeDriver Instance is created.
2026-05-18 15:49:37 [TestNG-tests-2] [Thread-45] - FirefoxDriver Instance is created.
2026-05-18 15:49:46 [TestNG-tests-1] [Thread-44] - WebDriver instance is created.
2026-05-18 15:49:47 [TestNG-tests-2] [Thread-45] - WebDriver instance is created.
2026-05-18 15:49:49 [TestNG-tests-1] [Thread-44] - for test verifyEmployeeNameVerificationFromDB ActionDriver initialized for thread: 44
2026-05-18 15:49:49 [TestNG-tests-1] [Thread-44] - Applied the border with color green to element: Element with name: username
2026-05-18 15:49:49 [TestNG-tests-1] [Thread-44] - Entered text on Element with name: username-->admin
2026-05-18 15:49:49 [TestNG-tests-1] [Thread-44] - Applied the border with color green to element: Element with name: password
2026-05-18 15:49:49 [TestNG-tests-1] [Thread-44] - Entered text on Element with name: password-->Cocoy123!@#
2026-05-18 15:49:49 [TestNG-tests-1] [Thread-44] - Applied the border with color green to element: Element with text: Login
2026-05-18 15:49:49 [TestNG-tests-1] [Thread-44] - clicked an element-->Element with text: Login
2026-05-18 15:49:49 [TestNG-tests-2] [Thread-45] - for test verifyOrangeHRMLogo ActionDriver initialized for thread: 45
2026-05-18 15:49:49 [TestNG-tests-2] [Thread-45] - Applied the border with color green to element: Element with name: username
2026-05-18 15:49:49 [TestNG-tests-2] [Thread-45] - Entered text on Element with name: username-->admin
2026-05-18 15:49:49 [TestNG-tests-2] [Thread-45] - Applied the border with color green to element: Element with name: password
2026-05-18 15:49:49 [TestNG-tests-2] [Thread-45] - Entered text on Element with name: password-->Cocoy123!@#
2026-05-18 15:49:49 [TestNG-tests-2] [Thread-45] - Applied the border with color green to element: Element with text: Login
2026-05-18 15:49:50 [TestNG-tests-1] [Thread-44] - Failed to apply the border to an element: no such element: Unable to locate element: {"method":"xpath","selector":"//span[text()='PIM']"}
  (Session info: chrome=148.0.7778.168)
For documentation on this error, please visit: https://www.selenium.dev/documentation/webdriver/troubleshooting/errors#no-such-element-exception
Build info: version: '4.27.0', revision: 'd6e718d134'
System info: os.name: 'Windows 11', os.arch: 'amd64', os.version: '10.0', java.version: '21.0.2'
Driver info: org.openqa.selenium.chrome.ChromeDriver
Command: [4ff18ea6af07323a3817c2e9ecb84175, findElement {value=//span[text()='PIM'], using=xpath}]
Capabilities {acceptInsecureCerts: false, browserName: chrome, browserVersion: 148.0.7778.168, chrome: {chromedriverVersion: 148.0.7778.167 (65db666ac2c..., userDataDir: C:\Users\cocoy\AppData\Loca...}, fedcm:accounts: true, goog:chromeOptions: {debuggerAddress: localhost:60059}, goog:processID: 25824, networkConnectionEnabled: false, pageLoadStrategy: normal, platformName: windows, proxy: Proxy(), se:cdp: ws://localhost:60059/devtoo..., se:cdpVersion: 148.0.7778.168, setWindowRect: true, strictFileInteractability: false, timeouts: {implicit: 0, pageLoad: 300000, script: 30000}, unhandledPromptBehavior: dismiss and notify, webauthn:extension:credBlob: true, webauthn:extension:largeBlob: true, webauthn:extension:minPinLength: true, webauthn:extension:prf: true, webauthn:virtualAuthenticators: true}
Session ID: 4ff18ea6af07323a3817c2e9ecb84175
2026-05-18 15:49:51 [TestNG-tests-2] [Thread-45] - clicked an element-->Element with text: Login
2026-05-18 15:49:51 [TestNG-tests-2] [Thread-45] - Applied the border with color green to element: Element located using: By.xpath: //div[@class='oxd-brand-banner']//img
2026-05-18 15:49:51 [TestNG-tests-2] [Thread-45] - Element is displayed Element located using: By.xpath: //div[@class='oxd-brand-banner']//img
2026-05-18 15:49:51 [TestNG-tests-2] [Thread-45] - Applied the border with color green to element: Element with text: John paul Chang
2026-05-18 15:49:51 [TestNG-tests-2] [Thread-45] - clicked an element-->Element with text: John paul Chang
2026-05-18 15:49:52 [TestNG-tests-2] [Thread-45] - Applied the border with color green to element: Element with text: Logout
2026-05-18 15:49:52 [TestNG-tests-1] [Thread-44] - clicked an element-->Unable to describe element due to error: no such element: Unable to locate element: {"method":"xpath","selector":"//span[text()='PIM']"}
  (Session info: chrome=148.0.7778.168)
For documentation on this error, please visit: https://www.selenium.dev/documentation/webdriver/troubleshooting/errors#no-such-element-exception
Build info: version: '4.27.0', revision: 'd6e718d134'
System info: os.name: 'Windows 11', os.arch: 'amd64', os.version: '10.0', java.version: '21.0.2'
Driver info: org.openqa.selenium.chrome.ChromeDriver
Command: [4ff18ea6af07323a3817c2e9ecb84175, findElement {value=//span[text()='PIM'], using=xpath}]
Capabilities {acceptInsecureCerts: false, browserName: chrome, browserVersion: 148.0.7778.168, chrome: {chromedriverVersion: 148.0.7778.167 (65db666ac2c..., userDataDir: C:\Users\cocoy\AppData\Loca...}, fedcm:accounts: true, goog:chromeOptions: {debuggerAddress: localhost:60059}, goog:processID: 25824, networkConnectionEnabled: false, pageLoadStrategy: normal, platformName: windows, proxy: Proxy(), se:cdp: ws://localhost:60059/devtoo..., se:cdpVersion: 148.0.7778.168, setWindowRect: true, strictFileInteractability: false, timeouts: {implicit: 0, pageLoad: 300000, script: 30000}, unhandledPromptBehavior: dismiss and notify, webauthn:extension:credBlob: true, webauthn:extension:largeBlob: true, webauthn:extension:minPinLength: true, webauthn:extension:prf: true, webauthn:virtualAuthenticators: true}
Session ID: 4ff18ea6af07323a3817c2e9ecb84175
2026-05-18 15:49:52 [TestNG-tests-1] [Thread-44] - Applied the border with color green to element: Element with placeholder: Type for hints...
2026-05-18 15:49:53 [TestNG-tests-1] [Thread-44] - Entered text on Element with placeholder: Type for hints...-->john paul
2026-05-18 15:49:53 [TestNG-tests-1] [Thread-44] - Applied the border with color green to element: Element with text: Search
2026-05-18 15:49:53 [TestNG-tests-1] [Thread-44] - clicked an element-->Element with text: Search
2026-05-18 15:49:53 [TestNG-tests-1] [Thread-44] - Failed to apply the border to an element: no such element: Unable to locate element: {"method":"xpath","selector":"//div[@class='oxd-table-card']/div/div[3]"}
  (Session info: chrome=148.0.7778.168)
For documentation on this error, please visit: https://www.selenium.dev/documentation/webdriver/troubleshooting/errors#no-such-element-exception
Build info: version: '4.27.0', revision: 'd6e718d134'
System info: os.name: 'Windows 11', os.arch: 'amd64', os.version: '10.0', java.version: '21.0.2'
Driver info: org.openqa.selenium.chrome.ChromeDriver
Command: [4ff18ea6af07323a3817c2e9ecb84175, findElement {value=//div[@class='oxd-table-card']/div/div[3], using=xpath}]
Capabilities {acceptInsecureCerts: false, browserName: chrome, browserVersion: 148.0.7778.168, chrome: {chromedriverVersion: 148.0.7778.167 (65db666ac2c..., userDataDir: C:\Users\cocoy\AppData\Loca...}, fedcm:accounts: true, goog:chromeOptions: {debuggerAddress: localhost:60059}, goog:processID: 25824, networkConnectionEnabled: false, pageLoadStrategy: normal, platformName: windows, proxy: Proxy(), se:cdp: ws://localhost:60059/devtoo..., se:cdpVersion: 148.0.7778.168, setWindowRect: true, strictFileInteractability: false, timeouts: {implicit: 0, pageLoad: 300000, script: 30000}, unhandledPromptBehavior: dismiss and notify, webauthn:extension:credBlob: true, webauthn:extension:largeBlob: true, webauthn:extension:minPinLength: true, webauthn:extension:prf: true, webauthn:virtualAuthenticators: true}
Session ID: 4ff18ea6af07323a3817c2e9ecb84175
2026-05-18 15:49:53 [TestNG-tests-1] [Thread-44] - Failed to apply the border to an element: no such element: Unable to locate element: {"method":"xpath","selector":"//div[@class='oxd-table-card']/div/div[3]"}
  (Session info: chrome=148.0.7778.168)
For documentation on this error, please visit: https://www.selenium.dev/documentation/webdriver/troubleshooting/errors#no-such-element-exception
Build info: version: '4.27.0', revision: 'd6e718d134'
System info: os.name: 'Windows 11', os.arch: 'amd64', os.version: '10.0', java.version: '21.0.2'
Driver info: org.openqa.selenium.chrome.ChromeDriver
Command: [4ff18ea6af07323a3817c2e9ecb84175, findElement {value=//div[@class='oxd-table-card']/div/div[3], using=xpath}]
Capabilities {acceptInsecureCerts: false, browserName: chrome, browserVersion: 148.0.7778.168, chrome: {chromedriverVersion: 148.0.7778.167 (65db666ac2c..., userDataDir: C:\Users\cocoy\AppData\Loca...}, fedcm:accounts: true, goog:chromeOptions: {debuggerAddress: localhost:60059}, goog:processID: 25824, networkConnectionEnabled: false, pageLoadStrategy: normal, platformName: windows, proxy: Proxy(), se:cdp: ws://localhost:60059/devtoo..., se:cdpVersion: 148.0.7778.168, setWindowRect: true, strictFileInteractability: false, timeouts: {implicit: 0, pageLoad: 300000, script: 30000}, unhandledPromptBehavior: dismiss and notify, webauthn:extension:credBlob: true, webauthn:extension:largeBlob: true, webauthn:extension:minPinLength: true, webauthn:extension:prf: true, webauthn:virtualAuthenticators: true}
Session ID: 4ff18ea6af07323a3817c2e9ecb84175
2026-05-18 15:49:53 [TestNG-tests-2] [Thread-45] - clicked an element-->Element with text: Logout
2026-05-18 15:49:53 [TestNG-tests-2] [Thread-45] - WebDriver instance is closed.
2026-05-18 15:49:54 [TestNG-tests-1] [Thread-44] - Starting DB Connection...
2026-05-18 15:49:54 [TestNG-tests-1] [Thread-44] - DB Connection Successful
2026-05-18 15:49:54 [TestNG-tests-1] [Thread-44] - Executing query: SELECT emp_firstname, emp_middle_name, emp_lastname FROM hs_hr_employee WHERE employee_id =1
2026-05-18 15:49:54 [TestNG-tests-1] [Thread-44] - Query Executed Successfully
2026-05-18 15:49:54 [TestNG-tests-1] [Thread-44] - Employee Data Fetched: {firstName=John paul, lastName=Chang, middleName=}
2026-05-18 15:49:54 [TestNG-tests-1] [Thread-44] - Applied the border with color green to element: Element with text: John paul
2026-05-18 15:49:54 [TestNG-tests-1] [Thread-44] - Texts are Matching:John paul equals John paul
2026-05-18 15:49:54 [TestNG-tests-1] [Thread-44] - Applied the border with color green to element: Element with text: Chang
2026-05-18 15:49:54 [TestNG-tests-1] [Thread-44] - Texts are Matching:Chang equals Chang
2026-05-18 15:49:55 [TestNG-tests-1] [Thread-44] - WebDriver instance is closed.
2026-05-18 15:49:55 [TestNG-tests-1] [Thread-44] - Setting up WebDriver for: DBVerificationTest on browser: chrome
2026-05-18 15:49:56 [TestNG-tests-1] [Thread-44] - ChromeDriver Instance is created.
2026-05-18 15:50:06 [TestNG-tests-1] [Thread-44] - WebDriver instance is created.
2026-05-18 15:50:08 [TestNG-tests-1] [Thread-44] - for test verifyEmployeeNameVerificationFromDB ActionDriver initialized for thread: 44
2026-05-18 15:50:08 [TestNG-tests-1] [Thread-44] - Applied the border with color green to element: Element with name: username
2026-05-18 15:50:08 [TestNG-tests-1] [Thread-44] - Entered text on Element with name: username-->admin
2026-05-18 15:50:08 [TestNG-tests-1] [Thread-44] - Applied the border with color green to element: Element with name: password
2026-05-18 15:50:08 [TestNG-tests-1] [Thread-44] - Entered text on Element with name: password-->Cocoy123!@#
2026-05-18 15:50:08 [TestNG-tests-1] [Thread-44] - Applied the border with color green to element: Element with text: Login
2026-05-18 15:50:08 [TestNG-tests-1] [Thread-44] - clicked an element-->Element with text: Login
2026-05-18 15:50:09 [TestNG-tests-1] [Thread-44] - Failed to apply the border to an element: no such element: Unable to locate element: {"method":"xpath","selector":"//span[text()='PIM']"}
  (Session info: chrome=148.0.7778.168)
For documentation on this error, please visit: https://www.selenium.dev/documentation/webdriver/troubleshooting/errors#no-such-element-exception
Build info: version: '4.27.0', revision: 'd6e718d134'
System info: os.name: 'Windows 11', os.arch: 'amd64', os.version: '10.0', java.version: '21.0.2'
Driver info: org.openqa.selenium.chrome.ChromeDriver
Command: [b8201cee0076c3684b2d178041cadb34, findElement {value=//span[text()='PIM'], using=xpath}]
Capabilities {acceptInsecureCerts: false, browserName: chrome, browserVersion: 148.0.7778.168, chrome: {chromedriverVersion: 148.0.7778.167 (65db666ac2c..., userDataDir: C:\Users\cocoy\AppData\Loca...}, fedcm:accounts: true, goog:chromeOptions: {debuggerAddress: localhost:59484}, goog:processID: 30612, networkConnectionEnabled: false, pageLoadStrategy: normal, platformName: windows, proxy: Proxy(), se:cdp: ws://localhost:59484/devtoo..., se:cdpVersion: 148.0.7778.168, setWindowRect: true, strictFileInteractability: false, timeouts: {implicit: 0, pageLoad: 300000, script: 30000}, unhandledPromptBehavior: dismiss and notify, webauthn:extension:credBlob: true, webauthn:extension:largeBlob: true, webauthn:extension:minPinLength: true, webauthn:extension:prf: true, webauthn:virtualAuthenticators: true}
Session ID: b8201cee0076c3684b2d178041cadb34
2026-05-18 15:50:11 [TestNG-tests-1] [Thread-44] - clicked an element-->Unable to describe element due to error: no such element: Unable to locate element: {"method":"xpath","selector":"//span[text()='PIM']"}
  (Session info: chrome=148.0.7778.168)
For documentation on this error, please visit: https://www.selenium.dev/documentation/webdriver/troubleshooting/errors#no-such-element-exception
Build info: version: '4.27.0', revision: 'd6e718d134'
System info: os.name: 'Windows 11', os.arch: 'amd64', os.version: '10.0', java.version: '21.0.2'
Driver info: org.openqa.selenium.chrome.ChromeDriver
Command: [b8201cee0076c3684b2d178041cadb34, findElement {value=//span[text()='PIM'], using=xpath}]
Capabilities {acceptInsecureCerts: false, browserName: chrome, browserVersion: 148.0.7778.168, chrome: {chromedriverVersion: 148.0.7778.167 (65db666ac2c..., userDataDir: C:\Users\cocoy\AppData\Loca...}, fedcm:accounts: true, goog:chromeOptions: {debuggerAddress: localhost:59484}, goog:processID: 30612, networkConnectionEnabled: false, pageLoadStrategy: normal, platformName: windows, proxy: Proxy(), se:cdp: ws://localhost:59484/devtoo..., se:cdpVersion: 148.0.7778.168, setWindowRect: true, strictFileInteractability: false, timeouts: {implicit: 0, pageLoad: 300000, script: 30000}, unhandledPromptBehavior: dismiss and notify, webauthn:extension:credBlob: true, webauthn:extension:largeBlob: true, webauthn:extension:minPinLength: true, webauthn:extension:prf: true, webauthn:virtualAuthenticators: true}
Session ID: b8201cee0076c3684b2d178041cadb34
2026-05-18 15:50:12 [TestNG-tests-1] [Thread-44] - Applied the border with color green to element: Element with placeholder: Type for hints...
2026-05-18 15:50:12 [TestNG-tests-1] [Thread-44] - Entered text on Element with placeholder: Type for hints...-->wachum
2026-05-18 15:50:12 [TestNG-tests-1] [Thread-44] - Applied the border with color green to element: Element with text: Search
2026-05-18 15:50:12 [TestNG-tests-1] [Thread-44] - clicked an element-->Element with text: Search
2026-05-18 15:50:12 [TestNG-tests-1] [Thread-44] - Failed to apply the border to an element: no such element: Unable to locate element: {"method":"xpath","selector":"//div[@class='oxd-table-card']/div/div[3]"}
  (Session info: chrome=148.0.7778.168)
For documentation on this error, please visit: https://www.selenium.dev/documentation/webdriver/troubleshooting/errors#no-such-element-exception
Build info: version: '4.27.0', revision: 'd6e718d134'
System info: os.name: 'Windows 11', os.arch: 'amd64', os.version: '10.0', java.version: '21.0.2'
Driver info: org.openqa.selenium.chrome.ChromeDriver
Command: [b8201cee0076c3684b2d178041cadb34, findElement {value=//div[@class='oxd-table-card']/div/div[3], using=xpath}]
Capabilities {acceptInsecureCerts: false, browserName: chrome, browserVersion: 148.0.7778.168, chrome: {chromedriverVersion: 148.0.7778.167 (65db666ac2c..., userDataDir: C:\Users\cocoy\AppData\Loca...}, fedcm:accounts: true, goog:chromeOptions: {debuggerAddress: localhost:59484}, goog:processID: 30612, networkConnectionEnabled: false, pageLoadStrategy: normal, platformName: windows, proxy: Proxy(), se:cdp: ws://localhost:59484/devtoo..., se:cdpVersion: 148.0.7778.168, setWindowRect: true, strictFileInteractability: false, timeouts: {implicit: 0, pageLoad: 300000, script: 30000}, unhandledPromptBehavior: dismiss and notify, webauthn:extension:credBlob: true, webauthn:extension:largeBlob: true, webauthn:extension:minPinLength: true, webauthn:extension:prf: true, webauthn:virtualAuthenticators: true}
Session ID: b8201cee0076c3684b2d178041cadb34
2026-05-18 15:50:12 [TestNG-tests-1] [Thread-44] - Failed to apply the border to an element: no such element: Unable to locate element: {"method":"xpath","selector":"//div[@class='oxd-table-card']/div/div[3]"}
  (Session info: chrome=148.0.7778.168)
For documentation on this error, please visit: https://www.selenium.dev/documentation/webdriver/troubleshooting/errors#no-such-element-exception
Build info: version: '4.27.0', revision: 'd6e718d134'
System info: os.name: 'Windows 11', os.arch: 'amd64', os.version: '10.0', java.version: '21.0.2'
Driver info: org.openqa.selenium.chrome.ChromeDriver
Command: [b8201cee0076c3684b2d178041cadb34, findElement {value=//div[@class='oxd-table-card']/div/div[3], using=xpath}]
Capabilities {acceptInsecureCerts: false, browserName: chrome, browserVersion: 148.0.7778.168, chrome: {chromedriverVersion: 148.0.7778.167 (65db666ac2c..., userDataDir: C:\Users\cocoy\AppData\Loca...}, fedcm:accounts: true, goog:chromeOptions: {debuggerAddress: localhost:59484}, goog:processID: 30612, networkConnectionEnabled: false, pageLoadStrategy: normal, platformName: windows, proxy: Proxy(), se:cdp: ws://localhost:59484/devtoo..., se:cdpVersion: 148.0.7778.168, setWindowRect: true, strictFileInteractability: false, timeouts: {implicit: 0, pageLoad: 300000, script: 30000}, unhandledPromptBehavior: dismiss and notify, webauthn:extension:credBlob: true, webauthn:extension:largeBlob: true, webauthn:extension:minPinLength: true, webauthn:extension:prf: true, webauthn:virtualAuthenticators: true}
Session ID: b8201cee0076c3684b2d178041cadb34
2026-05-18 15:50:13 [TestNG-tests-1] [Thread-44] - Starting DB Connection...
2026-05-18 15:50:13 [TestNG-tests-1] [Thread-44] - DB Connection Successful
2026-05-18 15:50:13 [TestNG-tests-1] [Thread-44] - Executing query: SELECT emp_firstname, emp_middle_name, emp_lastname FROM hs_hr_employee WHERE employee_id =2
2026-05-18 15:50:13 [TestNG-tests-1] [Thread-44] - Query Executed Successfully
2026-05-18 15:50:13 [TestNG-tests-1] [Thread-44] - Employee Data Fetched: {firstName=wachum, lastName=pong, middleName=}
2026-05-18 15:50:13 [TestNG-tests-1] [Thread-44] - Applied the border with color green to element: Element with text: wachum
2026-05-18 15:50:13 [TestNG-tests-1] [Thread-44] - Texts are Matching:wachum equals wachum
2026-05-18 15:50:13 [TestNG-tests-1] [Thread-44] - Applied the border with color green to element: Element with text: pong
2026-05-18 15:50:13 [TestNG-tests-1] [Thread-44] - Texts are Matching:pong equals pong
2026-05-18 15:50:13 [TestNG-tests-1] [Thread-44] - WebDriver instance is closed.
2026-05-18 15:50:13 [TestNG-tests-1] [Thread-44] - Setting up WebDriver for: HomePageTest on browser: chrome
2026-05-18 15:50:14 [TestNG-tests-1] [Thread-44] - ChromeDriver Instance is created.
2026-05-18 15:50:25 [TestNG-tests-1] [Thread-44] - WebDriver instance is created.
2026-05-18 15:50:27 [TestNG-tests-1] [Thread-44] - for test verifyOrangeHRMLogo ActionDriver initialized for thread: 44
2026-05-18 15:50:27 [TestNG-tests-1] [Thread-44] - Applied the border with color green to element: Element with name: username
2026-05-18 15:50:27 [TestNG-tests-1] [Thread-44] - Entered text on Element with name: username-->admin
2026-05-18 15:50:27 [TestNG-tests-1] [Thread-44] - Applied the border with color green to element: Element with name: password
2026-05-18 15:50:27 [TestNG-tests-1] [Thread-44] - Entered text on Element with name: password-->Cocoy123!@#
2026-05-18 15:50:27 [TestNG-tests-1] [Thread-44] - Applied the border with color green to element: Element with text: Login
2026-05-18 15:50:27 [TestNG-tests-1] [Thread-44] - clicked an element-->Element with text: Login
2026-05-18 15:50:29 [TestNG-tests-1] [Thread-44] - Applied the border with color green to element: Element located using: By.xpath: //div[@class='oxd-brand-banner']//img
2026-05-18 15:50:29 [TestNG-tests-1] [Thread-44] - Element is displayed Element located using: By.xpath: //div[@class='oxd-brand-banner']//img
2026-05-18 15:50:29 [TestNG-tests-1] [Thread-44] - Applied the border with color green to element: Element with text: John paul Chang
2026-05-18 15:50:29 [TestNG-tests-1] [Thread-44] - clicked an element-->Element with text: John paul Chang
2026-05-18 15:50:29 [TestNG-tests-1] [Thread-44] - Applied the border with color green to element: Element with text: Logout
2026-05-18 15:50:30 [TestNG-tests-1] [Thread-44] - clicked an element-->Element with text: Logout
2026-05-18 15:50:30 [TestNG-tests-1] [Thread-44] - WebDriver instance is closed.
2026-05-18 15:55:06 [main] [Thread-1] - config.properties file loaded
2026-05-18 15:55:07 [TestNG-tests-2] [Thread-45] - Setting up WebDriver for: HomePageTest on browser: fireFox
2026-05-18 15:55:08 [TestNG-tests-1] [Thread-44] - Setting up WebDriver for: DBVerificationTest on browser: chrome
2026-05-18 15:55:09 [TestNG-tests-1] [Thread-44] - ChromeDriver Instance is created.
2026-05-18 15:55:10 [TestNG-tests-2] [Thread-45] - FirefoxDriver Instance is created.
2026-05-18 15:55:20 [TestNG-tests-1] [Thread-44] - WebDriver instance is created.
2026-05-18 15:55:21 [TestNG-tests-2] [Thread-45] - WebDriver instance is created.
2026-05-18 15:55:22 [TestNG-tests-1] [Thread-44] - for test verifyEmployeeNameVerificationFromDB ActionDriver initialized for thread: 44
2026-05-18 15:55:22 [TestNG-tests-1] [Thread-44] - Applied the border with color green to element: Element with name: username
2026-05-18 15:55:22 [TestNG-tests-1] [Thread-44] - Entered text on Element with name: username-->admin
2026-05-18 15:55:22 [TestNG-tests-1] [Thread-44] - Applied the border with color green to element: Element with name: password
2026-05-18 15:55:22 [TestNG-tests-1] [Thread-44] - Entered text on Element with name: password-->Cocoy123!@#
2026-05-18 15:55:22 [TestNG-tests-1] [Thread-44] - Applied the border with color green to element: Element with text: Login
2026-05-18 15:55:22 [TestNG-tests-1] [Thread-44] - clicked an element-->Element with text: Login
2026-05-18 15:55:23 [TestNG-tests-2] [Thread-45] - for test verifyOrangeHRMLogo ActionDriver initialized for thread: 45
2026-05-18 15:55:23 [TestNG-tests-2] [Thread-45] - Applied the border with color green to element: Element with name: username
2026-05-18 15:55:23 [TestNG-tests-2] [Thread-45] - Entered text on Element with name: username-->admin
2026-05-18 15:55:23 [TestNG-tests-1] [Thread-44] - Failed to apply the border to an element: no such element: Unable to locate element: {"method":"xpath","selector":"//span[text()='PIM']"}
  (Session info: chrome=148.0.7778.168)
For documentation on this error, please visit: https://www.selenium.dev/documentation/webdriver/troubleshooting/errors#no-such-element-exception
Build info: version: '4.27.0', revision: 'd6e718d134'
System info: os.name: 'Windows 11', os.arch: 'amd64', os.version: '10.0', java.version: '21.0.2'
Driver info: org.openqa.selenium.chrome.ChromeDriver
Command: [0ba873752ef3caeb91451c29b184d7d0, findElement {value=//span[text()='PIM'], using=xpath}]
Capabilities {acceptInsecureCerts: false, browserName: chrome, browserVersion: 148.0.7778.168, chrome: {chromedriverVersion: 148.0.7778.167 (65db666ac2c..., userDataDir: C:\Users\cocoy\AppData\Loca...}, fedcm:accounts: true, goog:chromeOptions: {debuggerAddress: localhost:54796}, goog:processID: 25724, networkConnectionEnabled: false, pageLoadStrategy: normal, platformName: windows, proxy: Proxy(), se:cdp: ws://localhost:54796/devtoo..., se:cdpVersion: 148.0.7778.168, setWindowRect: true, strictFileInteractability: false, timeouts: {implicit: 0, pageLoad: 300000, script: 30000}, unhandledPromptBehavior: dismiss and notify, webauthn:extension:credBlob: true, webauthn:extension:largeBlob: true, webauthn:extension:minPinLength: true, webauthn:extension:prf: true, webauthn:virtualAuthenticators: true}
Session ID: 0ba873752ef3caeb91451c29b184d7d0
2026-05-18 15:55:23 [TestNG-tests-2] [Thread-45] - Applied the border with color green to element: Element with name: password
2026-05-18 15:55:23 [TestNG-tests-2] [Thread-45] - Entered text on Element with name: password-->Cocoy123!@#
2026-05-18 15:55:23 [TestNG-tests-2] [Thread-45] - Applied the border with color green to element: Element with text: Login
2026-05-18 15:55:24 [TestNG-tests-2] [Thread-45] - clicked an element-->Element with text: Login
2026-05-18 15:55:25 [TestNG-tests-2] [Thread-45] - Applied the border with color green to element: Element located using: By.xpath: //div[@class='oxd-brand-banner']//img
2026-05-18 15:55:25 [TestNG-tests-2] [Thread-45] - Element is displayed Element located using: By.xpath: //div[@class='oxd-brand-banner']//img
2026-05-18 15:55:25 [TestNG-tests-2] [Thread-45] - Applied the border with color green to element: Element with text: John paul Chang
2026-05-18 15:55:25 [TestNG-tests-1] [Thread-44] - clicked an element-->Unable to describe element due to error: no such element: Unable to locate element: {"method":"xpath","selector":"//span[text()='PIM']"}
  (Session info: chrome=148.0.7778.168)
For documentation on this error, please visit: https://www.selenium.dev/documentation/webdriver/troubleshooting/errors#no-such-element-exception
Build info: version: '4.27.0', revision: 'd6e718d134'
System info: os.name: 'Windows 11', os.arch: 'amd64', os.version: '10.0', java.version: '21.0.2'
Driver info: org.openqa.selenium.chrome.ChromeDriver
Command: [0ba873752ef3caeb91451c29b184d7d0, findElement {value=//span[text()='PIM'], using=xpath}]
Capabilities {acceptInsecureCerts: false, browserName: chrome, browserVersion: 148.0.7778.168, chrome: {chromedriverVersion: 148.0.7778.167 (65db666ac2c..., userDataDir: C:\Users\cocoy\AppData\Loca...}, fedcm:accounts: true, goog:chromeOptions: {debuggerAddress: localhost:54796}, goog:processID: 25724, networkConnectionEnabled: false, pageLoadStrategy: normal, platformName: windows, proxy: Proxy(), se:cdp: ws://localhost:54796/devtoo..., se:cdpVersion: 148.0.7778.168, setWindowRect: true, strictFileInteractability: false, timeouts: {implicit: 0, pageLoad: 300000, script: 30000}, unhandledPromptBehavior: dismiss and notify, webauthn:extension:credBlob: true, webauthn:extension:largeBlob: true, webauthn:extension:minPinLength: true, webauthn:extension:prf: true, webauthn:virtualAuthenticators: true}
Session ID: 0ba873752ef3caeb91451c29b184d7d0
2026-05-18 15:55:25 [TestNG-tests-2] [Thread-45] - clicked an element-->Element with text: John paul Chang
2026-05-18 15:55:25 [TestNG-tests-2] [Thread-45] - Applied the border with color green to element: Element with text: Logout
2026-05-18 15:55:25 [TestNG-tests-1] [Thread-44] - Applied the border with color green to element: Element with placeholder: Type for hints...
2026-05-18 15:55:25 [TestNG-tests-1] [Thread-44] - Entered text on Element with placeholder: Type for hints...-->john paul
2026-05-18 15:55:26 [TestNG-tests-1] [Thread-44] - Applied the border with color green to element: Element with text: Search
2026-05-18 15:55:26 [TestNG-tests-1] [Thread-44] - clicked an element-->Element with text: Search
2026-05-18 15:55:26 [TestNG-tests-1] [Thread-44] - Failed to apply the border to an element: no such element: Unable to locate element: {"method":"xpath","selector":"//div[@class='oxd-table-card']/div/div[3]"}
  (Session info: chrome=148.0.7778.168)
For documentation on this error, please visit: https://www.selenium.dev/documentation/webdriver/troubleshooting/errors#no-such-element-exception
Build info: version: '4.27.0', revision: 'd6e718d134'
System info: os.name: 'Windows 11', os.arch: 'amd64', os.version: '10.0', java.version: '21.0.2'
Driver info: org.openqa.selenium.chrome.ChromeDriver
Command: [0ba873752ef3caeb91451c29b184d7d0, findElement {value=//div[@class='oxd-table-card']/div/div[3], using=xpath}]
Capabilities {acceptInsecureCerts: false, browserName: chrome, browserVersion: 148.0.7778.168, chrome: {chromedriverVersion: 148.0.7778.167 (65db666ac2c..., userDataDir: C:\Users\cocoy\AppData\Loca...}, fedcm:accounts: true, goog:chromeOptions: {debuggerAddress: localhost:54796}, goog:processID: 25724, networkConnectionEnabled: false, pageLoadStrategy: normal, platformName: windows, proxy: Proxy(), se:cdp: ws://localhost:54796/devtoo..., se:cdpVersion: 148.0.7778.168, setWindowRect: true, strictFileInteractability: false, timeouts: {implicit: 0, pageLoad: 300000, script: 30000}, unhandledPromptBehavior: dismiss and notify, webauthn:extension:credBlob: true, webauthn:extension:largeBlob: true, webauthn:extension:minPinLength: true, webauthn:extension:prf: true, webauthn:virtualAuthenticators: true}
Session ID: 0ba873752ef3caeb91451c29b184d7d0
2026-05-18 15:55:26 [TestNG-tests-1] [Thread-44] - Failed to apply the border to an element: no such element: Unable to locate element: {"method":"xpath","selector":"//div[@class='oxd-table-card']/div/div[3]"}
  (Session info: chrome=148.0.7778.168)
For documentation on this error, please visit: https://www.selenium.dev/documentation/webdriver/troubleshooting/errors#no-such-element-exception
Build info: version: '4.27.0', revision: 'd6e718d134'
System info: os.name: 'Windows 11', os.arch: 'amd64', os.version: '10.0', java.version: '21.0.2'
Driver info: org.openqa.selenium.chrome.ChromeDriver
Command: [0ba873752ef3caeb91451c29b184d7d0, findElement {value=//div[@class='oxd-table-card']/div/div[3], using=xpath}]
Capabilities {acceptInsecureCerts: false, browserName: chrome, browserVersion: 148.0.7778.168, chrome: {chromedriverVersion: 148.0.7778.167 (65db666ac2c..., userDataDir: C:\Users\cocoy\AppData\Loca...}, fedcm:accounts: true, goog:chromeOptions: {debuggerAddress: localhost:54796}, goog:processID: 25724, networkConnectionEnabled: false, pageLoadStrategy: normal, platformName: windows, proxy: Proxy(), se:cdp: ws://localhost:54796/devtoo..., se:cdpVersion: 148.0.7778.168, setWindowRect: true, strictFileInteractability: false, timeouts: {implicit: 0, pageLoad: 300000, script: 30000}, unhandledPromptBehavior: dismiss and notify, webauthn:extension:credBlob: true, webauthn:extension:largeBlob: true, webauthn:extension:minPinLength: true, webauthn:extension:prf: true, webauthn:virtualAuthenticators: true}
Session ID: 0ba873752ef3caeb91451c29b184d7d0
2026-05-18 15:55:26 [TestNG-tests-2] [Thread-45] - clicked an element-->Element with text: Logout
2026-05-18 15:55:27 [TestNG-tests-2] [Thread-45] - WebDriver instance is closed.
2026-05-18 15:55:27 [TestNG-tests-1] [Thread-44] - Starting DB Connection...
2026-05-18 15:55:27 [TestNG-tests-1] [Thread-44] - DB Connection Successful
2026-05-18 15:55:27 [TestNG-tests-1] [Thread-44] - Executing query: SELECT emp_firstname, emp_middle_name, emp_lastname FROM hs_hr_employee WHERE employee_id =1
2026-05-18 15:55:27 [TestNG-tests-1] [Thread-44] - Query Executed Successfully
2026-05-18 15:55:27 [TestNG-tests-1] [Thread-44] - Employee Data Fetched: {firstName=John paul, lastName=Chang, middleName=}
2026-05-18 15:55:27 [TestNG-tests-1] [Thread-44] - Applied the border with color green to element: Element with text: John paul
2026-05-18 15:55:27 [TestNG-tests-1] [Thread-44] - Texts are Matching:John paul equals John paul
2026-05-18 15:55:27 [TestNG-tests-1] [Thread-44] - Applied the border with color green to element: Element with text: Chang
2026-05-18 15:55:27 [TestNG-tests-1] [Thread-44] - Texts are Matching:Chang equals Chang
2026-05-18 15:55:27 [TestNG-tests-1] [Thread-44] - WebDriver instance is closed.
2026-05-18 15:55:27 [TestNG-tests-1] [Thread-44] - Setting up WebDriver for: DBVerificationTest on browser: chrome
2026-05-18 15:55:28 [TestNG-tests-1] [Thread-44] - ChromeDriver Instance is created.
2026-05-18 15:55:39 [TestNG-tests-1] [Thread-44] - WebDriver instance is created.
2026-05-18 15:55:41 [TestNG-tests-1] [Thread-44] - for test verifyEmployeeNameVerificationFromDB ActionDriver initialized for thread: 44
2026-05-18 15:55:41 [TestNG-tests-1] [Thread-44] - Applied the border with color green to element: Element with name: username
2026-05-18 15:55:41 [TestNG-tests-1] [Thread-44] - Entered text on Element with name: username-->admin
2026-05-18 15:55:41 [TestNG-tests-1] [Thread-44] - Applied the border with color green to element: Element with name: password
2026-05-18 15:55:41 [TestNG-tests-1] [Thread-44] - Entered text on Element with name: password-->Cocoy123!@#
2026-05-18 15:55:41 [TestNG-tests-1] [Thread-44] - Applied the border with color green to element: Element with text: Login
2026-05-18 15:55:41 [TestNG-tests-1] [Thread-44] - clicked an element-->Element with text: Login
2026-05-18 15:55:42 [TestNG-tests-1] [Thread-44] - Failed to apply the border to an element: no such element: Unable to locate element: {"method":"xpath","selector":"//span[text()='PIM']"}
  (Session info: chrome=148.0.7778.168)
For documentation on this error, please visit: https://www.selenium.dev/documentation/webdriver/troubleshooting/errors#no-such-element-exception
Build info: version: '4.27.0', revision: 'd6e718d134'
System info: os.name: 'Windows 11', os.arch: 'amd64', os.version: '10.0', java.version: '21.0.2'
Driver info: org.openqa.selenium.chrome.ChromeDriver
Command: [b13287e56093ffd1e042601a74420755, findElement {value=//span[text()='PIM'], using=xpath}]
Capabilities {acceptInsecureCerts: false, browserName: chrome, browserVersion: 148.0.7778.168, chrome: {chromedriverVersion: 148.0.7778.167 (65db666ac2c..., userDataDir: C:\Users\cocoy\AppData\Loca...}, fedcm:accounts: true, goog:chromeOptions: {debuggerAddress: localhost:49435}, goog:processID: 33780, networkConnectionEnabled: false, pageLoadStrategy: normal, platformName: windows, proxy: Proxy(), se:cdp: ws://localhost:49435/devtoo..., se:cdpVersion: 148.0.7778.168, setWindowRect: true, strictFileInteractability: false, timeouts: {implicit: 0, pageLoad: 300000, script: 30000}, unhandledPromptBehavior: dismiss and notify, webauthn:extension:credBlob: true, webauthn:extension:largeBlob: true, webauthn:extension:minPinLength: true, webauthn:extension:prf: true, webauthn:virtualAuthenticators: true}
Session ID: b13287e56093ffd1e042601a74420755
2026-05-18 15:55:43 [TestNG-tests-1] [Thread-44] - clicked an element-->Unable to describe element due to error: no such element: Unable to locate element: {"method":"xpath","selector":"//span[text()='PIM']"}
  (Session info: chrome=148.0.7778.168)
For documentation on this error, please visit: https://www.selenium.dev/documentation/webdriver/troubleshooting/errors#no-such-element-exception
Build info: version: '4.27.0', revision: 'd6e718d134'
System info: os.name: 'Windows 11', os.arch: 'amd64', os.version: '10.0', java.version: '21.0.2'
Driver info: org.openqa.selenium.chrome.ChromeDriver
Command: [b13287e56093ffd1e042601a74420755, findElement {value=//span[text()='PIM'], using=xpath}]
Capabilities {acceptInsecureCerts: false, browserName: chrome, browserVersion: 148.0.7778.168, chrome: {chromedriverVersion: 148.0.7778.167 (65db666ac2c..., userDataDir: C:\Users\cocoy\AppData\Loca...}, fedcm:accounts: true, goog:chromeOptions: {debuggerAddress: localhost:49435}, goog:processID: 33780, networkConnectionEnabled: false, pageLoadStrategy: normal, platformName: windows, proxy: Proxy(), se:cdp: ws://localhost:49435/devtoo..., se:cdpVersion: 148.0.7778.168, setWindowRect: true, strictFileInteractability: false, timeouts: {implicit: 0, pageLoad: 300000, script: 30000}, unhandledPromptBehavior: dismiss and notify, webauthn:extension:credBlob: true, webauthn:extension:largeBlob: true, webauthn:extension:minPinLength: true, webauthn:extension:prf: true, webauthn:virtualAuthenticators: true}
Session ID: b13287e56093ffd1e042601a74420755
2026-05-18 15:55:44 [TestNG-tests-1] [Thread-44] - Applied the border with color green to element: Element with placeholder: Type for hints...
2026-05-18 15:55:44 [TestNG-tests-1] [Thread-44] - Entered text on Element with placeholder: Type for hints...-->wachum
2026-05-18 15:55:44 [TestNG-tests-1] [Thread-44] - Applied the border with color green to element: Element with text: Search
2026-05-18 15:55:44 [TestNG-tests-1] [Thread-44] - clicked an element-->Element with text: Search
2026-05-18 15:55:44 [TestNG-tests-1] [Thread-44] - Failed to apply the border to an element: no such element: Unable to locate element: {"method":"xpath","selector":"//div[@class='oxd-table-card']/div/div[3]"}
  (Session info: chrome=148.0.7778.168)
For documentation on this error, please visit: https://www.selenium.dev/documentation/webdriver/troubleshooting/errors#no-such-element-exception
Build info: version: '4.27.0', revision: 'd6e718d134'
System info: os.name: 'Windows 11', os.arch: 'amd64', os.version: '10.0', java.version: '21.0.2'
Driver info: org.openqa.selenium.chrome.ChromeDriver
Command: [b13287e56093ffd1e042601a74420755, findElement {value=//div[@class='oxd-table-card']/div/div[3], using=xpath}]
Capabilities {acceptInsecureCerts: false, browserName: chrome, browserVersion: 148.0.7778.168, chrome: {chromedriverVersion: 148.0.7778.167 (65db666ac2c..., userDataDir: C:\Users\cocoy\AppData\Loca...}, fedcm:accounts: true, goog:chromeOptions: {debuggerAddress: localhost:49435}, goog:processID: 33780, networkConnectionEnabled: false, pageLoadStrategy: normal, platformName: windows, proxy: Proxy(), se:cdp: ws://localhost:49435/devtoo..., se:cdpVersion: 148.0.7778.168, setWindowRect: true, strictFileInteractability: false, timeouts: {implicit: 0, pageLoad: 300000, script: 30000}, unhandledPromptBehavior: dismiss and notify, webauthn:extension:credBlob: true, webauthn:extension:largeBlob: true, webauthn:extension:minPinLength: true, webauthn:extension:prf: true, webauthn:virtualAuthenticators: true}
Session ID: b13287e56093ffd1e042601a74420755
2026-05-18 15:55:44 [TestNG-tests-1] [Thread-44] - Failed to apply the border to an element: no such element: Unable to locate element: {"method":"xpath","selector":"//div[@class='oxd-table-card']/div/div[3]"}
  (Session info: chrome=148.0.7778.168)
For documentation on this error, please visit: https://www.selenium.dev/documentation/webdriver/troubleshooting/errors#no-such-element-exception
Build info: version: '4.27.0', revision: 'd6e718d134'
System info: os.name: 'Windows 11', os.arch: 'amd64', os.version: '10.0', java.version: '21.0.2'
Driver info: org.openqa.selenium.chrome.ChromeDriver
Command: [b13287e56093ffd1e042601a74420755, findElement {value=//div[@class='oxd-table-card']/div/div[3], using=xpath}]
Capabilities {acceptInsecureCerts: false, browserName: chrome, browserVersion: 148.0.7778.168, chrome: {chromedriverVersion: 148.0.7778.167 (65db666ac2c..., userDataDir: C:\Users\cocoy\AppData\Loca...}, fedcm:accounts: true, goog:chromeOptions: {debuggerAddress: localhost:49435}, goog:processID: 33780, networkConnectionEnabled: false, pageLoadStrategy: normal, platformName: windows, proxy: Proxy(), se:cdp: ws://localhost:49435/devtoo..., se:cdpVersion: 148.0.7778.168, setWindowRect: true, strictFileInteractability: false, timeouts: {implicit: 0, pageLoad: 300000, script: 30000}, unhandledPromptBehavior: dismiss and notify, webauthn:extension:credBlob: true, webauthn:extension:largeBlob: true, webauthn:extension:minPinLength: true, webauthn:extension:prf: true, webauthn:virtualAuthenticators: true}
Session ID: b13287e56093ffd1e042601a74420755
2026-05-18 15:55:45 [TestNG-tests-1] [Thread-44] - Starting DB Connection...
2026-05-18 15:55:45 [TestNG-tests-1] [Thread-44] - DB Connection Successful
2026-05-18 15:55:45 [TestNG-tests-1] [Thread-44] - Executing query: SELECT emp_firstname, emp_middle_name, emp_lastname FROM hs_hr_employee WHERE employee_id =2
2026-05-18 15:55:45 [TestNG-tests-1] [Thread-44] - Query Executed Successfully
2026-05-18 15:55:45 [TestNG-tests-1] [Thread-44] - Employee Data Fetched: {firstName=wachum, lastName=pong, middleName=}
2026-05-18 15:55:45 [TestNG-tests-1] [Thread-44] - Applied the border with color green to element: Element with text: wachum
2026-05-18 15:55:45 [TestNG-tests-1] [Thread-44] - Texts are Matching:wachum equals wachum
2026-05-18 15:55:45 [TestNG-tests-1] [Thread-44] - Applied the border with color green to element: Element with text: pong
2026-05-18 15:55:45 [TestNG-tests-1] [Thread-44] - Texts are Matching:pong equals pong
2026-05-18 15:55:46 [TestNG-tests-1] [Thread-44] - WebDriver instance is closed.
2026-05-18 15:55:46 [TestNG-tests-1] [Thread-44] - Setting up WebDriver for: HomePageTest on browser: chrome
2026-05-18 15:55:47 [TestNG-tests-1] [Thread-44] - ChromeDriver Instance is created.
2026-05-18 15:55:57 [TestNG-tests-1] [Thread-44] - WebDriver instance is created.
2026-05-18 15:55:59 [TestNG-tests-1] [Thread-44] - for test verifyOrangeHRMLogo ActionDriver initialized for thread: 44
2026-05-18 15:55:59 [TestNG-tests-1] [Thread-44] - Applied the border with color green to element: Element with name: username
2026-05-18 15:56:00 [TestNG-tests-1] [Thread-44] - Entered text on Element with name: username-->admin
2026-05-18 15:56:00 [TestNG-tests-1] [Thread-44] - Applied the border with color green to element: Element with name: password
2026-05-18 15:56:00 [TestNG-tests-1] [Thread-44] - Entered text on Element with name: password-->Cocoy123!@#
2026-05-18 15:56:00 [TestNG-tests-1] [Thread-44] - Applied the border with color green to element: Element with text: Login
2026-05-18 15:56:01 [TestNG-tests-1] [Thread-44] - clicked an element-->Element with text: Login
2026-05-18 15:56:02 [TestNG-tests-1] [Thread-44] - Applied the border with color green to element: Element located using: By.xpath: //div[@class='oxd-brand-banner']//img
2026-05-18 15:56:02 [TestNG-tests-1] [Thread-44] - Element is displayed Element located using: By.xpath: //div[@class='oxd-brand-banner']//img
2026-05-18 15:56:02 [TestNG-tests-1] [Thread-44] - Applied the border with color green to element: Element with text: John paul Chang
2026-05-18 15:56:02 [TestNG-tests-1] [Thread-44] - clicked an element-->Element with text: John paul Chang
2026-05-18 15:56:02 [TestNG-tests-1] [Thread-44] - Applied the border with color green to element: Element with text: Logout
2026-05-18 15:56:04 [TestNG-tests-1] [Thread-44] - clicked an element-->Element with text: Logout
2026-05-18 15:56:04 [TestNG-tests-1] [Thread-44] - WebDriver instance is closed.
2026-05-18 15:56:43 [main] [Thread-1] - config.properties file loaded
2026-05-18 15:56:44 [TestNG-tests-2] [Thread-45] - Setting up WebDriver for: HomePageTest on browser: fireFox
2026-05-18 15:56:45 [TestNG-tests-1] [Thread-44] - Setting up WebDriver for: DBVerificationTest on browser: chrome
2026-05-18 15:56:46 [TestNG-tests-1] [Thread-44] - ChromeDriver Instance is created.
2026-05-18 15:56:48 [TestNG-tests-2] [Thread-45] - FirefoxDriver Instance is created.
2026-05-18 15:56:57 [TestNG-tests-1] [Thread-44] - WebDriver instance is created.
2026-05-18 15:56:58 [TestNG-tests-2] [Thread-45] - WebDriver instance is created.
2026-05-18 15:56:59 [TestNG-tests-1] [Thread-44] - for test verifyEmployeeNameVerificationFromDB ActionDriver initialized for thread: 44
2026-05-18 15:56:59 [TestNG-tests-1] [Thread-44] - Applied the border with color green to element: Element with name: username
2026-05-18 15:56:59 [TestNG-tests-1] [Thread-44] - Entered text on Element with name: username-->admin
2026-05-18 15:56:59 [TestNG-tests-1] [Thread-44] - Applied the border with color green to element: Element with name: password
2026-05-18 15:57:00 [TestNG-tests-1] [Thread-44] - Entered text on Element with name: password-->Cocoy123!@#
2026-05-18 15:57:00 [TestNG-tests-1] [Thread-44] - Applied the border with color green to element: Element with text: Login
2026-05-18 15:57:00 [TestNG-tests-2] [Thread-45] - for test verifyOrangeHRMLogo ActionDriver initialized for thread: 45
2026-05-18 15:57:01 [TestNG-tests-2] [Thread-45] - Applied the border with color green to element: Element with name: username
2026-05-18 15:57:01 [TestNG-tests-2] [Thread-45] - Entered text on Element with name: username-->admin
2026-05-18 15:57:01 [TestNG-tests-2] [Thread-45] - Applied the border with color green to element: Element with name: password
2026-05-18 15:57:01 [TestNG-tests-2] [Thread-45] - Entered text on Element with name: password-->Cocoy123!@#
2026-05-18 15:57:01 [TestNG-tests-2] [Thread-45] - Applied the border with color green to element: Element with text: Login
2026-05-18 15:57:01 [TestNG-tests-1] [Thread-44] - clicked an element-->Element with text: Login
2026-05-18 15:57:01 [TestNG-tests-1] [Thread-44] - Failed to apply the border to an element: no such element: Unable to locate element: {"method":"xpath","selector":"//span[text()='PIM']"}
  (Session info: chrome=148.0.7778.168)
For documentation on this error, please visit: https://www.selenium.dev/documentation/webdriver/troubleshooting/errors#no-such-element-exception
Build info: version: '4.27.0', revision: 'd6e718d134'
System info: os.name: 'Windows 11', os.arch: 'amd64', os.version: '10.0', java.version: '21.0.2'
Driver info: org.openqa.selenium.chrome.ChromeDriver
Command: [67611b391de3b0f30e536762a7e075fb, findElement {value=//span[text()='PIM'], using=xpath}]
Capabilities {acceptInsecureCerts: false, browserName: chrome, browserVersion: 148.0.7778.168, chrome: {chromedriverVersion: 148.0.7778.167 (65db666ac2c..., userDataDir: C:\Users\cocoy\AppData\Loca...}, fedcm:accounts: true, goog:chromeOptions: {debuggerAddress: localhost:52998}, goog:processID: 32752, networkConnectionEnabled: false, pageLoadStrategy: normal, platformName: windows, proxy: Proxy(), se:cdp: ws://localhost:52998/devtoo..., se:cdpVersion: 148.0.7778.168, setWindowRect: true, strictFileInteractability: false, timeouts: {implicit: 0, pageLoad: 300000, script: 30000}, unhandledPromptBehavior: dismiss and notify, webauthn:extension:credBlob: true, webauthn:extension:largeBlob: true, webauthn:extension:minPinLength: true, webauthn:extension:prf: true, webauthn:virtualAuthenticators: true}
Session ID: 67611b391de3b0f30e536762a7e075fb
2026-05-18 15:57:02 [TestNG-tests-2] [Thread-45] - clicked an element-->Element with text: Login
2026-05-18 15:57:03 [TestNG-tests-2] [Thread-45] - Applied the border with color green to element: Element located using: By.xpath: //div[@class='oxd-brand-banner']//img
2026-05-18 15:57:03 [TestNG-tests-2] [Thread-45] - Element is displayed Element located using: By.xpath: //div[@class='oxd-brand-banner']//img
2026-05-18 15:57:03 [TestNG-tests-2] [Thread-45] - Applied the border with color green to element: Element with text: John paul Chang
2026-05-18 15:57:03 [TestNG-tests-2] [Thread-45] - clicked an element-->Element with text: John paul Chang
2026-05-18 15:57:03 [TestNG-tests-2] [Thread-45] - Applied the border with color green to element: Element with text: Logout
2026-05-18 15:57:03 [TestNG-tests-1] [Thread-44] - clicked an element-->Unable to describe element due to error: no such element: Unable to locate element: {"method":"xpath","selector":"//span[text()='PIM']"}
  (Session info: chrome=148.0.7778.168)
For documentation on this error, please visit: https://www.selenium.dev/documentation/webdriver/troubleshooting/errors#no-such-element-exception
Build info: version: '4.27.0', revision: 'd6e718d134'
System info: os.name: 'Windows 11', os.arch: 'amd64', os.version: '10.0', java.version: '21.0.2'
Driver info: org.openqa.selenium.chrome.ChromeDriver
Command: [67611b391de3b0f30e536762a7e075fb, findElement {value=//span[text()='PIM'], using=xpath}]
Capabilities {acceptInsecureCerts: false, browserName: chrome, browserVersion: 148.0.7778.168, chrome: {chromedriverVersion: 148.0.7778.167 (65db666ac2c..., userDataDir: C:\Users\cocoy\AppData\Loca...}, fedcm:accounts: true, goog:chromeOptions: {debuggerAddress: localhost:52998}, goog:processID: 32752, networkConnectionEnabled: false, pageLoadStrategy: normal, platformName: windows, proxy: Proxy(), se:cdp: ws://localhost:52998/devtoo..., se:cdpVersion: 148.0.7778.168, setWindowRect: true, strictFileInteractability: false, timeouts: {implicit: 0, pageLoad: 300000, script: 30000}, unhandledPromptBehavior: dismiss and notify, webauthn:extension:credBlob: true, webauthn:extension:largeBlob: true, webauthn:extension:minPinLength: true, webauthn:extension:prf: true, webauthn:virtualAuthenticators: true}
Session ID: 67611b391de3b0f30e536762a7e075fb
2026-05-18 15:57:04 [TestNG-tests-1] [Thread-44] - Applied the border with color green to element: Element with placeholder: Type for hints...
2026-05-18 15:57:04 [TestNG-tests-1] [Thread-44] - Entered text on Element with placeholder: Type for hints...-->john paul
2026-05-18 15:57:04 [TestNG-tests-1] [Thread-44] - Applied the border with color green to element: Element with text: Search
2026-05-18 15:57:04 [TestNG-tests-1] [Thread-44] - clicked an element-->Element with text: Search
2026-05-18 15:57:04 [TestNG-tests-1] [Thread-44] - Failed to apply the border to an element: no such element: Unable to locate element: {"method":"xpath","selector":"//div[@class='oxd-table-card']/div/div[3]"}
  (Session info: chrome=148.0.7778.168)
For documentation on this error, please visit: https://www.selenium.dev/documentation/webdriver/troubleshooting/errors#no-such-element-exception
Build info: version: '4.27.0', revision: 'd6e718d134'
System info: os.name: 'Windows 11', os.arch: 'amd64', os.version: '10.0', java.version: '21.0.2'
Driver info: org.openqa.selenium.chrome.ChromeDriver
Command: [67611b391de3b0f30e536762a7e075fb, findElement {value=//div[@class='oxd-table-card']/div/div[3], using=xpath}]
Capabilities {acceptInsecureCerts: false, browserName: chrome, browserVersion: 148.0.7778.168, chrome: {chromedriverVersion: 148.0.7778.167 (65db666ac2c..., userDataDir: C:\Users\cocoy\AppData\Loca...}, fedcm:accounts: true, goog:chromeOptions: {debuggerAddress: localhost:52998}, goog:processID: 32752, networkConnectionEnabled: false, pageLoadStrategy: normal, platformName: windows, proxy: Proxy(), se:cdp: ws://localhost:52998/devtoo..., se:cdpVersion: 148.0.7778.168, setWindowRect: true, strictFileInteractability: false, timeouts: {implicit: 0, pageLoad: 300000, script: 30000}, unhandledPromptBehavior: dismiss and notify, webauthn:extension:credBlob: true, webauthn:extension:largeBlob: true, webauthn:extension:minPinLength: true, webauthn:extension:prf: true, webauthn:virtualAuthenticators: true}
Session ID: 67611b391de3b0f30e536762a7e075fb
2026-05-18 15:57:04 [TestNG-tests-1] [Thread-44] - Failed to apply the border to an element: no such element: Unable to locate element: {"method":"xpath","selector":"//div[@class='oxd-table-card']/div/div[3]"}
  (Session info: chrome=148.0.7778.168)
For documentation on this error, please visit: https://www.selenium.dev/documentation/webdriver/troubleshooting/errors#no-such-element-exception
Build info: version: '4.27.0', revision: 'd6e718d134'
System info: os.name: 'Windows 11', os.arch: 'amd64', os.version: '10.0', java.version: '21.0.2'
Driver info: org.openqa.selenium.chrome.ChromeDriver
Command: [67611b391de3b0f30e536762a7e075fb, findElement {value=//div[@class='oxd-table-card']/div/div[3], using=xpath}]
Capabilities {acceptInsecureCerts: false, browserName: chrome, browserVersion: 148.0.7778.168, chrome: {chromedriverVersion: 148.0.7778.167 (65db666ac2c..., userDataDir: C:\Users\cocoy\AppData\Loca...}, fedcm:accounts: true, goog:chromeOptions: {debuggerAddress: localhost:52998}, goog:processID: 32752, networkConnectionEnabled: false, pageLoadStrategy: normal, platformName: windows, proxy: Proxy(), se:cdp: ws://localhost:52998/devtoo..., se:cdpVersion: 148.0.7778.168, setWindowRect: true, strictFileInteractability: false, timeouts: {implicit: 0, pageLoad: 300000, script: 30000}, unhandledPromptBehavior: dismiss and notify, webauthn:extension:credBlob: true, webauthn:extension:largeBlob: true, webauthn:extension:minPinLength: true, webauthn:extension:prf: true, webauthn:virtualAuthenticators: true}
Session ID: 67611b391de3b0f30e536762a7e075fb
2026-05-18 15:57:04 [TestNG-tests-2] [Thread-45] - clicked an element-->Element with text: Logout
2026-05-18 15:57:05 [TestNG-tests-2] [Thread-45] - WebDriver instance is closed.
2026-05-18 15:57:05 [TestNG-tests-1] [Thread-44] - Starting DB Connection...
2026-05-18 15:57:05 [TestNG-tests-1] [Thread-44] - DB Connection Successful
2026-05-18 15:57:05 [TestNG-tests-1] [Thread-44] - Executing query: SELECT emp_firstname, emp_middle_name, emp_lastname FROM hs_hr_employee WHERE employee_id =1
2026-05-18 15:57:05 [TestNG-tests-1] [Thread-44] - Query Executed Successfully
2026-05-18 15:57:05 [TestNG-tests-1] [Thread-44] - Employee Data Fetched: {firstName=John paul, lastName=Chang, middleName=}
2026-05-18 15:57:05 [TestNG-tests-1] [Thread-44] - Applied the border with color green to element: Element with text: John paul
2026-05-18 15:57:05 [TestNG-tests-1] [Thread-44] - Texts are Matching:John paul equals John paul
2026-05-18 15:57:06 [TestNG-tests-1] [Thread-44] - Applied the border with color green to element: Element with text: Chang
2026-05-18 15:57:06 [TestNG-tests-1] [Thread-44] - Texts are Matching:Chang equals Chang
2026-05-18 15:57:06 [TestNG-tests-1] [Thread-44] - WebDriver instance is closed.
2026-05-18 15:57:06 [TestNG-tests-1] [Thread-44] - Setting up WebDriver for: DBVerificationTest on browser: chrome
2026-05-18 15:57:07 [TestNG-tests-1] [Thread-44] - ChromeDriver Instance is created.
2026-05-18 15:57:17 [TestNG-tests-1] [Thread-44] - WebDriver instance is created.
2026-05-18 15:57:20 [TestNG-tests-1] [Thread-44] - for test verifyEmployeeNameVerificationFromDB ActionDriver initialized for thread: 44
2026-05-18 15:57:20 [TestNG-tests-1] [Thread-44] - Applied the border with color green to element: Element with name: username
2026-05-18 15:57:20 [TestNG-tests-1] [Thread-44] - Entered text on Element with name: username-->admin
2026-05-18 15:57:20 [TestNG-tests-1] [Thread-44] - Applied the border with color green to element: Element with name: password
2026-05-18 15:57:20 [TestNG-tests-1] [Thread-44] - Entered text on Element with name: password-->Cocoy123!@#
2026-05-18 15:57:20 [TestNG-tests-1] [Thread-44] - Applied the border with color green to element: Element with text: Login
2026-05-18 15:57:20 [TestNG-tests-1] [Thread-44] - clicked an element-->Element with text: Login
2026-05-18 15:57:21 [TestNG-tests-1] [Thread-44] - Failed to apply the border to an element: no such element: Unable to locate element: {"method":"xpath","selector":"//span[text()='PIM']"}
  (Session info: chrome=148.0.7778.168)
For documentation on this error, please visit: https://www.selenium.dev/documentation/webdriver/troubleshooting/errors#no-such-element-exception
Build info: version: '4.27.0', revision: 'd6e718d134'
System info: os.name: 'Windows 11', os.arch: 'amd64', os.version: '10.0', java.version: '21.0.2'
Driver info: org.openqa.selenium.chrome.ChromeDriver
Command: [bdf1724980e06c0c45382a920f3c7829, findElement {value=//span[text()='PIM'], using=xpath}]
Capabilities {acceptInsecureCerts: false, browserName: chrome, browserVersion: 148.0.7778.168, chrome: {chromedriverVersion: 148.0.7778.167 (65db666ac2c..., userDataDir: C:\Users\cocoy\AppData\Loca...}, fedcm:accounts: true, goog:chromeOptions: {debuggerAddress: localhost:53723}, goog:processID: 31472, networkConnectionEnabled: false, pageLoadStrategy: normal, platformName: windows, proxy: Proxy(), se:cdp: ws://localhost:53723/devtoo..., se:cdpVersion: 148.0.7778.168, setWindowRect: true, strictFileInteractability: false, timeouts: {implicit: 0, pageLoad: 300000, script: 30000}, unhandledPromptBehavior: dismiss and notify, webauthn:extension:credBlob: true, webauthn:extension:largeBlob: true, webauthn:extension:minPinLength: true, webauthn:extension:prf: true, webauthn:virtualAuthenticators: true}
Session ID: bdf1724980e06c0c45382a920f3c7829
2026-05-18 15:57:23 [TestNG-tests-1] [Thread-44] - clicked an element-->Unable to describe element due to error: no such element: Unable to locate element: {"method":"xpath","selector":"//span[text()='PIM']"}
  (Session info: chrome=148.0.7778.168)
For documentation on this error, please visit: https://www.selenium.dev/documentation/webdriver/troubleshooting/errors#no-such-element-exception
Build info: version: '4.27.0', revision: 'd6e718d134'
System info: os.name: 'Windows 11', os.arch: 'amd64', os.version: '10.0', java.version: '21.0.2'
Driver info: org.openqa.selenium.chrome.ChromeDriver
Command: [bdf1724980e06c0c45382a920f3c7829, findElement {value=//span[text()='PIM'], using=xpath}]
Capabilities {acceptInsecureCerts: false, browserName: chrome, browserVersion: 148.0.7778.168, chrome: {chromedriverVersion: 148.0.7778.167 (65db666ac2c..., userDataDir: C:\Users\cocoy\AppData\Loca...}, fedcm:accounts: true, goog:chromeOptions: {debuggerAddress: localhost:53723}, goog:processID: 31472, networkConnectionEnabled: false, pageLoadStrategy: normal, platformName: windows, proxy: Proxy(), se:cdp: ws://localhost:53723/devtoo..., se:cdpVersion: 148.0.7778.168, setWindowRect: true, strictFileInteractability: false, timeouts: {implicit: 0, pageLoad: 300000, script: 30000}, unhandledPromptBehavior: dismiss and notify, webauthn:extension:credBlob: true, webauthn:extension:largeBlob: true, webauthn:extension:minPinLength: true, webauthn:extension:prf: true, webauthn:virtualAuthenticators: true}
Session ID: bdf1724980e06c0c45382a920f3c7829
2026-05-18 15:57:23 [TestNG-tests-1] [Thread-44] - Applied the border with color green to element: Element with placeholder: Type for hints...
2026-05-18 15:57:23 [TestNG-tests-1] [Thread-44] - Entered text on Element with placeholder: Type for hints...-->wachum
2026-05-18 15:57:24 [TestNG-tests-1] [Thread-44] - Applied the border with color green to element: Element with text: Search
2026-05-18 15:57:24 [TestNG-tests-1] [Thread-44] - clicked an element-->Element with text: Search
2026-05-18 15:57:24 [TestNG-tests-1] [Thread-44] - Failed to apply the border to an element: no such element: Unable to locate element: {"method":"xpath","selector":"//div[@class='oxd-table-card']/div/div[3]"}
  (Session info: chrome=148.0.7778.168)
For documentation on this error, please visit: https://www.selenium.dev/documentation/webdriver/troubleshooting/errors#no-such-element-exception
Build info: version: '4.27.0', revision: 'd6e718d134'
System info: os.name: 'Windows 11', os.arch: 'amd64', os.version: '10.0', java.version: '21.0.2'
Driver info: org.openqa.selenium.chrome.ChromeDriver
Command: [bdf1724980e06c0c45382a920f3c7829, findElement {value=//div[@class='oxd-table-card']/div/div[3], using=xpath}]
Capabilities {acceptInsecureCerts: false, browserName: chrome, browserVersion: 148.0.7778.168, chrome: {chromedriverVersion: 148.0.7778.167 (65db666ac2c..., userDataDir: C:\Users\cocoy\AppData\Loca...}, fedcm:accounts: true, goog:chromeOptions: {debuggerAddress: localhost:53723}, goog:processID: 31472, networkConnectionEnabled: false, pageLoadStrategy: normal, platformName: windows, proxy: Proxy(), se:cdp: ws://localhost:53723/devtoo..., se:cdpVersion: 148.0.7778.168, setWindowRect: true, strictFileInteractability: false, timeouts: {implicit: 0, pageLoad: 300000, script: 30000}, unhandledPromptBehavior: dismiss and notify, webauthn:extension:credBlob: true, webauthn:extension:largeBlob: true, webauthn:extension:minPinLength: true, webauthn:extension:prf: true, webauthn:virtualAuthenticators: true}
Session ID: bdf1724980e06c0c45382a920f3c7829
2026-05-18 15:57:24 [TestNG-tests-1] [Thread-44] - Failed to apply the border to an element: no such element: Unable to locate element: {"method":"xpath","selector":"//div[@class='oxd-table-card']/div/div[3]"}
  (Session info: chrome=148.0.7778.168)
For documentation on this error, please visit: https://www.selenium.dev/documentation/webdriver/troubleshooting/errors#no-such-element-exception
Build info: version: '4.27.0', revision: 'd6e718d134'
System info: os.name: 'Windows 11', os.arch: 'amd64', os.version: '10.0', java.version: '21.0.2'
Driver info: org.openqa.selenium.chrome.ChromeDriver
Command: [bdf1724980e06c0c45382a920f3c7829, findElement {value=//div[@class='oxd-table-card']/div/div[3], using=xpath}]
Capabilities {acceptInsecureCerts: false, browserName: chrome, browserVersion: 148.0.7778.168, chrome: {chromedriverVersion: 148.0.7778.167 (65db666ac2c..., userDataDir: C:\Users\cocoy\AppData\Loca...}, fedcm:accounts: true, goog:chromeOptions: {debuggerAddress: localhost:53723}, goog:processID: 31472, networkConnectionEnabled: false, pageLoadStrategy: normal, platformName: windows, proxy: Proxy(), se:cdp: ws://localhost:53723/devtoo..., se:cdpVersion: 148.0.7778.168, setWindowRect: true, strictFileInteractability: false, timeouts: {implicit: 0, pageLoad: 300000, script: 30000}, unhandledPromptBehavior: dismiss and notify, webauthn:extension:credBlob: true, webauthn:extension:largeBlob: true, webauthn:extension:minPinLength: true, webauthn:extension:prf: true, webauthn:virtualAuthenticators: true}
Session ID: bdf1724980e06c0c45382a920f3c7829
2026-05-18 15:57:25 [TestNG-tests-1] [Thread-44] - Starting DB Connection...
2026-05-18 15:57:25 [TestNG-tests-1] [Thread-44] - DB Connection Successful
2026-05-18 15:57:25 [TestNG-tests-1] [Thread-44] - Executing query: SELECT emp_firstname, emp_middle_name, emp_lastname FROM hs_hr_employee WHERE employee_id =2
2026-05-18 15:57:25 [TestNG-tests-1] [Thread-44] - Query Executed Successfully
2026-05-18 15:57:25 [TestNG-tests-1] [Thread-44] - Employee Data Fetched: {firstName=wachum, lastName=pong, middleName=}
2026-05-18 15:57:25 [TestNG-tests-1] [Thread-44] - Applied the border with color green to element: Element with text: wachum
2026-05-18 15:57:25 [TestNG-tests-1] [Thread-44] - Texts are Matching:wachum equals wachum
2026-05-18 15:57:25 [TestNG-tests-1] [Thread-44] - Applied the border with color green to element: Element with text: pong
2026-05-18 15:57:25 [TestNG-tests-1] [Thread-44] - Texts are Matching:pong equals pong
2026-05-18 15:57:25 [TestNG-tests-1] [Thread-44] - WebDriver instance is closed.
2026-05-18 15:57:25 [TestNG-tests-1] [Thread-44] - Setting up WebDriver for: HomePageTest on browser: chrome
2026-05-18 15:57:26 [TestNG-tests-1] [Thread-44] - ChromeDriver Instance is created.
2026-05-18 15:57:37 [TestNG-tests-1] [Thread-44] - WebDriver instance is created.
2026-05-18 15:57:39 [TestNG-tests-1] [Thread-44] - for test verifyOrangeHRMLogo ActionDriver initialized for thread: 44
2026-05-18 15:57:39 [TestNG-tests-1] [Thread-44] - Applied the border with color green to element: Element with name: username
2026-05-18 15:57:39 [TestNG-tests-1] [Thread-44] - Entered text on Element with name: username-->admin
2026-05-18 15:57:39 [TestNG-tests-1] [Thread-44] - Applied the border with color green to element: Element with name: password
2026-05-18 15:57:39 [TestNG-tests-1] [Thread-44] - Entered text on Element with name: password-->Cocoy123!@#
2026-05-18 15:57:39 [TestNG-tests-1] [Thread-44] - Applied the border with color green to element: Element with text: Login
2026-05-18 15:57:39 [TestNG-tests-1] [Thread-44] - clicked an element-->Element with text: Login
2026-05-18 15:57:41 [TestNG-tests-1] [Thread-44] - Applied the border with color green to element: Element located using: By.xpath: //div[@class='oxd-brand-banner']//img
2026-05-18 15:57:41 [TestNG-tests-1] [Thread-44] - Element is displayed Element located using: By.xpath: //div[@class='oxd-brand-banner']//img
2026-05-18 15:57:41 [TestNG-tests-1] [Thread-44] - Applied the border with color green to element: Element with text: John paul Chang
2026-05-18 15:57:41 [TestNG-tests-1] [Thread-44] - clicked an element-->Element with text: John paul Chang
2026-05-18 15:57:41 [TestNG-tests-1] [Thread-44] - Applied the border with color green to element: Element with text: Logout
2026-05-18 15:57:42 [TestNG-tests-1] [Thread-44] - clicked an element-->Element with text: Logout
2026-05-18 15:57:42 [TestNG-tests-1] [Thread-44] - WebDriver instance is closed.
2026-05-18 16:10:37 [main] [Thread-1] - config.properties file loaded
2026-05-18 16:10:38 [TestNG-tests-2] [Thread-45] - Setting up WebDriver for: HomePageTest on browser: fireFox
2026-05-18 16:10:39 [TestNG-tests-1] [Thread-44] - Setting up WebDriver for: DBVerificationTest on browser: chrome
2026-05-18 16:10:41 [TestNG-tests-2] [Thread-45] - FirefoxDriver Instance is created.
2026-05-18 16:10:41 [TestNG-tests-1] [Thread-44] - ChromeDriver Instance is created.
2026-05-18 16:10:52 [TestNG-tests-2] [Thread-45] - WebDriver instance is created.
2026-05-18 16:10:52 [TestNG-tests-1] [Thread-44] - WebDriver instance is created.
2026-05-18 16:10:54 [TestNG-tests-2] [Thread-45] - for test verifyOrangeHRMLogo ActionDriver initialized for thread: 45
2026-05-18 16:10:54 [TestNG-tests-1] [Thread-44] - for test verifyEmployeeNameVerificationFromDB ActionDriver initialized for thread: 44
2026-05-18 16:10:54 [TestNG-tests-2] [Thread-45] - Applied the border with color green to element: Element with name: username
2026-05-18 16:10:54 [TestNG-tests-1] [Thread-44] - Applied the border with color green to element: Element with name: username
2026-05-18 16:10:54 [TestNG-tests-2] [Thread-45] - Entered text on Element with name: username-->admin
2026-05-18 16:10:54 [TestNG-tests-2] [Thread-45] - Applied the border with color green to element: Element with name: password
2026-05-18 16:10:54 [TestNG-tests-1] [Thread-44] - Entered text on Element with name: username-->admin
2026-05-18 16:10:54 [TestNG-tests-2] [Thread-45] - Entered text on Element with name: password-->Cocoy123!@#
2026-05-18 16:10:54 [TestNG-tests-1] [Thread-44] - Applied the border with color green to element: Element with name: password
2026-05-18 16:10:54 [TestNG-tests-2] [Thread-45] - Applied the border with color green to element: Element with text: Login
2026-05-18 16:10:54 [TestNG-tests-1] [Thread-44] - Entered text on Element with name: password-->Cocoy123!@#
2026-05-18 16:10:54 [TestNG-tests-1] [Thread-44] - Applied the border with color green to element: Element with text: Login
2026-05-18 16:10:55 [TestNG-tests-1] [Thread-44] - clicked an element-->Element with text: Login
2026-05-18 16:10:55 [TestNG-tests-1] [Thread-44] - Failed to apply the border to an element: no such element: Unable to locate element: {"method":"xpath","selector":"//span[text()='PIM']"}
  (Session info: chrome=148.0.7778.168)
For documentation on this error, please visit: https://www.selenium.dev/documentation/webdriver/troubleshooting/errors#no-such-element-exception
Build info: version: '4.27.0', revision: 'd6e718d134'
System info: os.name: 'Windows 11', os.arch: 'amd64', os.version: '10.0', java.version: '21.0.2'
Driver info: org.openqa.selenium.chrome.ChromeDriver
Command: [247f3370c1205fa483429fb4ffd03785, findElement {value=//span[text()='PIM'], using=xpath}]
Capabilities {acceptInsecureCerts: false, browserName: chrome, browserVersion: 148.0.7778.168, chrome: {chromedriverVersion: 148.0.7778.167 (65db666ac2c..., userDataDir: C:\Users\cocoy\AppData\Loca...}, fedcm:accounts: true, goog:chromeOptions: {debuggerAddress: localhost:63805}, goog:processID: 33984, networkConnectionEnabled: false, pageLoadStrategy: normal, platformName: windows, proxy: Proxy(), se:cdp: ws://localhost:63805/devtoo..., se:cdpVersion: 148.0.7778.168, setWindowRect: true, strictFileInteractability: false, timeouts: {implicit: 0, pageLoad: 300000, script: 30000}, unhandledPromptBehavior: dismiss and notify, webauthn:extension:credBlob: true, webauthn:extension:largeBlob: true, webauthn:extension:minPinLength: true, webauthn:extension:prf: true, webauthn:virtualAuthenticators: true}
Session ID: 247f3370c1205fa483429fb4ffd03785
2026-05-18 16:10:56 [TestNG-tests-2] [Thread-45] - clicked an element-->Element with text: Login
2026-05-18 16:10:56 [TestNG-tests-2] [Thread-45] - Applied the border with color green to element: Element located using: By.xpath: //div[@class='oxd-brand-banner']//img
2026-05-18 16:10:56 [TestNG-tests-2] [Thread-45] - Element is displayed Element located using: By.xpath: //div[@class='oxd-brand-banner']//img
2026-05-18 16:10:56 [TestNG-tests-2] [Thread-45] - Applied the border with color green to element: Element with text: John paul Chang
2026-05-18 16:10:56 [TestNG-tests-2] [Thread-45] - clicked an element-->Element with text: John paul Chang
2026-05-18 16:10:56 [TestNG-tests-2] [Thread-45] - Applied the border with color green to element: Element with text: Logout
2026-05-18 16:10:57 [TestNG-tests-1] [Thread-44] - clicked an element-->Unable to describe element due to error: no such element: Unable to locate element: {"method":"xpath","selector":"//span[text()='PIM']"}
  (Session info: chrome=148.0.7778.168)
For documentation on this error, please visit: https://www.selenium.dev/documentation/webdriver/troubleshooting/errors#no-such-element-exception
Build info: version: '4.27.0', revision: 'd6e718d134'
System info: os.name: 'Windows 11', os.arch: 'amd64', os.version: '10.0', java.version: '21.0.2'
Driver info: org.openqa.selenium.chrome.ChromeDriver
Command: [247f3370c1205fa483429fb4ffd03785, findElement {value=//span[text()='PIM'], using=xpath}]
Capabilities {acceptInsecureCerts: false, browserName: chrome, browserVersion: 148.0.7778.168, chrome: {chromedriverVersion: 148.0.7778.167 (65db666ac2c..., userDataDir: C:\Users\cocoy\AppData\Loca...}, fedcm:accounts: true, goog:chromeOptions: {debuggerAddress: localhost:63805}, goog:processID: 33984, networkConnectionEnabled: false, pageLoadStrategy: normal, platformName: windows, proxy: Proxy(), se:cdp: ws://localhost:63805/devtoo..., se:cdpVersion: 148.0.7778.168, setWindowRect: true, strictFileInteractability: false, timeouts: {implicit: 0, pageLoad: 300000, script: 30000}, unhandledPromptBehavior: dismiss and notify, webauthn:extension:credBlob: true, webauthn:extension:largeBlob: true, webauthn:extension:minPinLength: true, webauthn:extension:prf: true, webauthn:virtualAuthenticators: true}
Session ID: 247f3370c1205fa483429fb4ffd03785
2026-05-18 16:10:58 [TestNG-tests-2] [Thread-45] - clicked an element-->Element with text: Logout
2026-05-18 16:10:58 [TestNG-tests-1] [Thread-44] - Applied the border with color green to element: Element with placeholder: Type for hints...
2026-05-18 16:10:58 [TestNG-tests-1] [Thread-44] - Entered text on Element with placeholder: Type for hints...-->john paul
2026-05-18 16:10:58 [TestNG-tests-1] [Thread-44] - Applied the border with color green to element: Element with text: Search
2026-05-18 16:10:58 [TestNG-tests-1] [Thread-44] - clicked an element-->Element with text: Search
2026-05-18 16:10:58 [TestNG-tests-1] [Thread-44] - Failed to apply the border to an element: stale element reference: stale element not found in the current frame
  (Session info: chrome=148.0.7778.168)
For documentation on this error, please visit: https://www.selenium.dev/documentation/webdriver/troubleshooting/errors#stale-element-reference-exception
Build info: version: '4.27.0', revision: 'd6e718d134'
System info: os.name: 'Windows 11', os.arch: 'amd64', os.version: '10.0', java.version: '21.0.2'
Driver info: org.openqa.selenium.chrome.ChromeDriver
Command: [247f3370c1205fa483429fb4ffd03785, executeScript {args=[{element-6066-11e4-a52e-4f735466cecf=f.6D56AB5CF9A6F31FB5EEB33FD9ED5C9B.d.D11380A217CDF59C1D8C34CE9247A79E.e.97}], script=arguments[0].style.border='3px solid green'}]
Capabilities {acceptInsecureCerts: false, browserName: chrome, browserVersion: 148.0.7778.168, chrome: {chromedriverVersion: 148.0.7778.167 (65db666ac2c..., userDataDir: C:\Users\cocoy\AppData\Loca...}, fedcm:accounts: true, goog:chromeOptions: {debuggerAddress: localhost:63805}, goog:processID: 33984, networkConnectionEnabled: false, pageLoadStrategy: normal, platformName: windows, proxy: Proxy(), se:cdp: ws://localhost:63805/devtoo..., se:cdpVersion: 148.0.7778.168, setWindowRect: true, strictFileInteractability: false, timeouts: {implicit: 0, pageLoad: 300000, script: 30000}, unhandledPromptBehavior: dismiss and notify, webauthn:extension:credBlob: true, webauthn:extension:largeBlob: true, webauthn:extension:minPinLength: true, webauthn:extension:prf: true, webauthn:virtualAuthenticators: true}
Session ID: 247f3370c1205fa483429fb4ffd03785
2026-05-18 16:10:58 [TestNG-tests-1] [Thread-44] - Failed to apply the border to an element: no such element: Unable to locate element: {"method":"xpath","selector":"//div[@class='oxd-table-card']/div/div[3]"}
  (Session info: chrome=148.0.7778.168)
For documentation on this error, please visit: https://www.selenium.dev/documentation/webdriver/troubleshooting/errors#no-such-element-exception
Build info: version: '4.27.0', revision: 'd6e718d134'
System info: os.name: 'Windows 11', os.arch: 'amd64', os.version: '10.0', java.version: '21.0.2'
Driver info: org.openqa.selenium.chrome.ChromeDriver
Command: [247f3370c1205fa483429fb4ffd03785, findElement {value=//div[@class='oxd-table-card']/div/div[3], using=xpath}]
Capabilities {acceptInsecureCerts: false, browserName: chrome, browserVersion: 148.0.7778.168, chrome: {chromedriverVersion: 148.0.7778.167 (65db666ac2c..., userDataDir: C:\Users\cocoy\AppData\Loca...}, fedcm:accounts: true, goog:chromeOptions: {debuggerAddress: localhost:63805}, goog:processID: 33984, networkConnectionEnabled: false, pageLoadStrategy: normal, platformName: windows, proxy: Proxy(), se:cdp: ws://localhost:63805/devtoo..., se:cdpVersion: 148.0.7778.168, setWindowRect: true, strictFileInteractability: false, timeouts: {implicit: 0, pageLoad: 300000, script: 30000}, unhandledPromptBehavior: dismiss and notify, webauthn:extension:credBlob: true, webauthn:extension:largeBlob: true, webauthn:extension:minPinLength: true, webauthn:extension:prf: true, webauthn:virtualAuthenticators: true}
Session ID: 247f3370c1205fa483429fb4ffd03785
2026-05-18 16:10:58 [TestNG-tests-2] [Thread-45] - WebDriver instance is closed.
2026-05-18 16:10:59 [TestNG-tests-1] [Thread-44] - Starting DB Connection...
2026-05-18 16:11:00 [TestNG-tests-1] [Thread-44] - DB Connection Successful
2026-05-18 16:11:00 [TestNG-tests-1] [Thread-44] - Executing query: SELECT emp_firstname, emp_middle_name, emp_lastname FROM hs_hr_employee WHERE employee_id =1
2026-05-18 16:11:00 [TestNG-tests-1] [Thread-44] - Query Executed Successfully
2026-05-18 16:11:00 [TestNG-tests-1] [Thread-44] - Employee Data Fetched: {firstName=John paul, lastName=Chang, middleName=}
2026-05-18 16:11:00 [TestNG-tests-1] [Thread-44] - Applied the border with color green to element: Element with text: John paul
2026-05-18 16:11:00 [TestNG-tests-1] [Thread-44] - Texts are Matching:John paul equals John paul
2026-05-18 16:11:00 [TestNG-tests-1] [Thread-44] - Applied the border with color green to element: Element with text: Chang
2026-05-18 16:11:00 [TestNG-tests-1] [Thread-44] - Texts are Matching:Chang equals Chang
2026-05-18 16:11:00 [TestNG-tests-1] [Thread-44] - WebDriver instance is closed.
2026-05-18 16:11:00 [TestNG-tests-1] [Thread-44] - Setting up WebDriver for: DBVerificationTest on browser: chrome
2026-05-18 16:11:01 [TestNG-tests-1] [Thread-44] - ChromeDriver Instance is created.
2026-05-18 16:11:12 [TestNG-tests-1] [Thread-44] - WebDriver instance is created.
2026-05-18 16:11:14 [TestNG-tests-1] [Thread-44] - for test verifyEmployeeNameVerificationFromDB ActionDriver initialized for thread: 44
2026-05-18 16:11:14 [TestNG-tests-1] [Thread-44] - Applied the border with color green to element: Element with name: username
2026-05-18 16:11:14 [TestNG-tests-1] [Thread-44] - Entered text on Element with name: username-->admin
2026-05-18 16:11:14 [TestNG-tests-1] [Thread-44] - Applied the border with color green to element: Element with name: password
2026-05-18 16:11:14 [TestNG-tests-1] [Thread-44] - Entered text on Element with name: password-->Cocoy123!@#
2026-05-18 16:11:14 [TestNG-tests-1] [Thread-44] - Applied the border with color green to element: Element with text: Login
2026-05-18 16:11:14 [TestNG-tests-1] [Thread-44] - clicked an element-->Element with text: Login
2026-05-18 16:11:15 [TestNG-tests-1] [Thread-44] - Failed to apply the border to an element: no such element: Unable to locate element: {"method":"xpath","selector":"//span[text()='PIM']"}
  (Session info: chrome=148.0.7778.168)
For documentation on this error, please visit: https://www.selenium.dev/documentation/webdriver/troubleshooting/errors#no-such-element-exception
Build info: version: '4.27.0', revision: 'd6e718d134'
System info: os.name: 'Windows 11', os.arch: 'amd64', os.version: '10.0', java.version: '21.0.2'
Driver info: org.openqa.selenium.chrome.ChromeDriver
Command: [e779ca73da7582287e88692ec47b7052, findElement {value=//span[text()='PIM'], using=xpath}]
Capabilities {acceptInsecureCerts: false, browserName: chrome, browserVersion: 148.0.7778.168, chrome: {chromedriverVersion: 148.0.7778.167 (65db666ac2c..., userDataDir: C:\Users\cocoy\AppData\Loca...}, fedcm:accounts: true, goog:chromeOptions: {debuggerAddress: localhost:61500}, goog:processID: 27320, networkConnectionEnabled: false, pageLoadStrategy: normal, platformName: windows, proxy: Proxy(), se:cdp: ws://localhost:61500/devtoo..., se:cdpVersion: 148.0.7778.168, setWindowRect: true, strictFileInteractability: false, timeouts: {implicit: 0, pageLoad: 300000, script: 30000}, unhandledPromptBehavior: dismiss and notify, webauthn:extension:credBlob: true, webauthn:extension:largeBlob: true, webauthn:extension:minPinLength: true, webauthn:extension:prf: true, webauthn:virtualAuthenticators: true}
Session ID: e779ca73da7582287e88692ec47b7052
2026-05-18 16:11:17 [TestNG-tests-1] [Thread-44] - clicked an element-->Unable to describe element due to error: no such element: Unable to locate element: {"method":"xpath","selector":"//span[text()='PIM']"}
  (Session info: chrome=148.0.7778.168)
For documentation on this error, please visit: https://www.selenium.dev/documentation/webdriver/troubleshooting/errors#no-such-element-exception
Build info: version: '4.27.0', revision: 'd6e718d134'
System info: os.name: 'Windows 11', os.arch: 'amd64', os.version: '10.0', java.version: '21.0.2'
Driver info: org.openqa.selenium.chrome.ChromeDriver
Command: [e779ca73da7582287e88692ec47b7052, findElement {value=//span[text()='PIM'], using=xpath}]
Capabilities {acceptInsecureCerts: false, browserName: chrome, browserVersion: 148.0.7778.168, chrome: {chromedriverVersion: 148.0.7778.167 (65db666ac2c..., userDataDir: C:\Users\cocoy\AppData\Loca...}, fedcm:accounts: true, goog:chromeOptions: {debuggerAddress: localhost:61500}, goog:processID: 27320, networkConnectionEnabled: false, pageLoadStrategy: normal, platformName: windows, proxy: Proxy(), se:cdp: ws://localhost:61500/devtoo..., se:cdpVersion: 148.0.7778.168, setWindowRect: true, strictFileInteractability: false, timeouts: {implicit: 0, pageLoad: 300000, script: 30000}, unhandledPromptBehavior: dismiss and notify, webauthn:extension:credBlob: true, webauthn:extension:largeBlob: true, webauthn:extension:minPinLength: true, webauthn:extension:prf: true, webauthn:virtualAuthenticators: true}
Session ID: e779ca73da7582287e88692ec47b7052
2026-05-18 16:11:17 [TestNG-tests-1] [Thread-44] - Applied the border with color green to element: Element with placeholder: Type for hints...
2026-05-18 16:11:17 [TestNG-tests-1] [Thread-44] - Entered text on Element with placeholder: Type for hints...-->wachum
2026-05-18 16:11:17 [TestNG-tests-1] [Thread-44] - Applied the border with color green to element: Element with text: Search
2026-05-18 16:11:17 [TestNG-tests-1] [Thread-44] - clicked an element-->Element with text: Search
2026-05-18 16:11:18 [TestNG-tests-1] [Thread-44] - Failed to apply the border to an element: no such element: Unable to locate element: {"method":"xpath","selector":"//div[@class='oxd-table-card']/div/div[3]"}
  (Session info: chrome=148.0.7778.168)
For documentation on this error, please visit: https://www.selenium.dev/documentation/webdriver/troubleshooting/errors#no-such-element-exception
Build info: version: '4.27.0', revision: 'd6e718d134'
System info: os.name: 'Windows 11', os.arch: 'amd64', os.version: '10.0', java.version: '21.0.2'
Driver info: org.openqa.selenium.chrome.ChromeDriver
Command: [e779ca73da7582287e88692ec47b7052, findElement {value=//div[@class='oxd-table-card']/div/div[3], using=xpath}]
Capabilities {acceptInsecureCerts: false, browserName: chrome, browserVersion: 148.0.7778.168, chrome: {chromedriverVersion: 148.0.7778.167 (65db666ac2c..., userDataDir: C:\Users\cocoy\AppData\Loca...}, fedcm:accounts: true, goog:chromeOptions: {debuggerAddress: localhost:61500}, goog:processID: 27320, networkConnectionEnabled: false, pageLoadStrategy: normal, platformName: windows, proxy: Proxy(), se:cdp: ws://localhost:61500/devtoo..., se:cdpVersion: 148.0.7778.168, setWindowRect: true, strictFileInteractability: false, timeouts: {implicit: 0, pageLoad: 300000, script: 30000}, unhandledPromptBehavior: dismiss and notify, webauthn:extension:credBlob: true, webauthn:extension:largeBlob: true, webauthn:extension:minPinLength: true, webauthn:extension:prf: true, webauthn:virtualAuthenticators: true}
Session ID: e779ca73da7582287e88692ec47b7052
2026-05-18 16:11:18 [TestNG-tests-1] [Thread-44] - Failed to apply the border to an element: no such element: Unable to locate element: {"method":"xpath","selector":"//div[@class='oxd-table-card']/div/div[3]"}
  (Session info: chrome=148.0.7778.168)
For documentation on this error, please visit: https://www.selenium.dev/documentation/webdriver/troubleshooting/errors#no-such-element-exception
Build info: version: '4.27.0', revision: 'd6e718d134'
System info: os.name: 'Windows 11', os.arch: 'amd64', os.version: '10.0', java.version: '21.0.2'
Driver info: org.openqa.selenium.chrome.ChromeDriver
Command: [e779ca73da7582287e88692ec47b7052, findElement {value=//div[@class='oxd-table-card']/div/div[3], using=xpath}]
Capabilities {acceptInsecureCerts: false, browserName: chrome, browserVersion: 148.0.7778.168, chrome: {chromedriverVersion: 148.0.7778.167 (65db666ac2c..., userDataDir: C:\Users\cocoy\AppData\Loca...}, fedcm:accounts: true, goog:chromeOptions: {debuggerAddress: localhost:61500}, goog:processID: 27320, networkConnectionEnabled: false, pageLoadStrategy: normal, platformName: windows, proxy: Proxy(), se:cdp: ws://localhost:61500/devtoo..., se:cdpVersion: 148.0.7778.168, setWindowRect: true, strictFileInteractability: false, timeouts: {implicit: 0, pageLoad: 300000, script: 30000}, unhandledPromptBehavior: dismiss and notify, webauthn:extension:credBlob: true, webauthn:extension:largeBlob: true, webauthn:extension:minPinLength: true, webauthn:extension:prf: true, webauthn:virtualAuthenticators: true}
Session ID: e779ca73da7582287e88692ec47b7052
2026-05-18 16:11:19 [TestNG-tests-1] [Thread-44] - Starting DB Connection...
2026-05-18 16:11:19 [TestNG-tests-1] [Thread-44] - DB Connection Successful
2026-05-18 16:11:19 [TestNG-tests-1] [Thread-44] - Executing query: SELECT emp_firstname, emp_middle_name, emp_lastname FROM hs_hr_employee WHERE employee_id =2
2026-05-18 16:11:19 [TestNG-tests-1] [Thread-44] - Query Executed Successfully
2026-05-18 16:11:19 [TestNG-tests-1] [Thread-44] - Employee Data Fetched: {firstName=wachum, lastName=pong, middleName=}
2026-05-18 16:11:19 [TestNG-tests-1] [Thread-44] - Applied the border with color green to element: Element with text: wachum
2026-05-18 16:11:19 [TestNG-tests-1] [Thread-44] - Texts are Matching:wachum equals wachum
2026-05-18 16:11:19 [TestNG-tests-1] [Thread-44] - Applied the border with color green to element: Element with text: pong
2026-05-18 16:11:19 [TestNG-tests-1] [Thread-44] - Texts are Matching:pong equals pong
2026-05-18 16:11:19 [TestNG-tests-1] [Thread-44] - WebDriver instance is closed.
2026-05-18 16:11:19 [TestNG-tests-1] [Thread-44] - Setting up WebDriver for: HomePageTest on browser: chrome
2026-05-18 16:11:20 [TestNG-tests-1] [Thread-44] - ChromeDriver Instance is created.
2026-05-18 16:11:31 [TestNG-tests-1] [Thread-44] - WebDriver instance is created.
2026-05-18 16:11:33 [TestNG-tests-1] [Thread-44] - for test verifyOrangeHRMLogo ActionDriver initialized for thread: 44
2026-05-18 16:11:33 [TestNG-tests-1] [Thread-44] - Applied the border with color green to element: Element with name: username
2026-05-18 16:11:33 [TestNG-tests-1] [Thread-44] - Entered text on Element with name: username-->admin
2026-05-18 16:11:33 [TestNG-tests-1] [Thread-44] - Applied the border with color green to element: Element with name: password
2026-05-18 16:11:33 [TestNG-tests-1] [Thread-44] - Entered text on Element with name: password-->Cocoy123!@#
2026-05-18 16:11:33 [TestNG-tests-1] [Thread-44] - Applied the border with color green to element: Element with text: Login
2026-05-18 16:11:33 [TestNG-tests-1] [Thread-44] - clicked an element-->Element with text: Login
2026-05-18 16:11:35 [TestNG-tests-1] [Thread-44] - Applied the border with color green to element: Element located using: By.xpath: //div[@class='oxd-brand-banner']//img
2026-05-18 16:11:35 [TestNG-tests-1] [Thread-44] - Element is displayed Element located using: By.xpath: //div[@class='oxd-brand-banner']//img
2026-05-18 16:11:35 [TestNG-tests-1] [Thread-44] - Applied the border with color green to element: Element with text: John paul Chang
2026-05-18 16:11:35 [TestNG-tests-1] [Thread-44] - clicked an element-->Element with text: John paul Chang
2026-05-18 16:11:35 [TestNG-tests-1] [Thread-44] - Applied the border with color green to element: Element located using: By.xpath: //a[text()='Logout']
2026-05-18 16:11:36 [TestNG-tests-1] [Thread-44] - clicked an element-->Element located using: By.xpath: //a[text()='Logout']
2026-05-18 16:11:36 [TestNG-tests-1] [Thread-44] - WebDriver instance is closed.
2026-05-18 16:21:32 [main] [Thread-1] - config.properties file loaded
2026-05-18 16:21:33 [TestNG-tests-2] [Thread-47] - Setting up WebDriver for: HomePageTest on browser: fireFox
2026-05-18 16:21:34 [TestNG-tests-1] [Thread-46] - Setting up WebDriver for: DBVerificationTest on browser: chrome
2026-05-18 16:21:35 [TestNG-tests-1] [Thread-46] - ChromeDriver Instance is created.
2026-05-18 16:21:35 [TestNG-tests-2] [Thread-47] - FirefoxDriver Instance is created.
2026-05-18 16:21:46 [TestNG-tests-2] [Thread-47] - WebDriver instance is created.
2026-05-18 16:21:47 [TestNG-tests-1] [Thread-46] - WebDriver instance is created.
2026-05-18 16:21:48 [TestNG-tests-2] [Thread-47] - for test verifyOrangeHRMLogo ActionDriver initialized for thread: 47
2026-05-18 16:21:48 [TestNG-tests-2] [Thread-47] - Applied the border with color green to element: Element with name: username
2026-05-18 16:21:48 [TestNG-tests-2] [Thread-47] - Entered text on Element with name: username-->admin
2026-05-18 16:21:48 [TestNG-tests-2] [Thread-47] - Applied the border with color green to element: Element with name: password
2026-05-18 16:21:48 [TestNG-tests-2] [Thread-47] - Entered text on Element with name: password-->Cocoy123!@#
2026-05-18 16:21:48 [TestNG-tests-2] [Thread-47] - Applied the border with color green to element: Element with text: Login
2026-05-18 16:21:49 [TestNG-tests-2] [Thread-47] - clicked an element-->Element with text: Login
2026-05-18 16:21:49 [TestNG-tests-1] [Thread-46] - for test verifyEmployeeNameVerificationFromDB ActionDriver initialized for thread: 46
2026-05-18 16:21:49 [TestNG-tests-1] [Thread-46] - Applied the border with color green to element: Element with name: username
2026-05-18 16:21:49 [TestNG-tests-1] [Thread-46] - Entered text on Element with name: username-->admin
2026-05-18 16:21:49 [TestNG-tests-1] [Thread-46] - Applied the border with color green to element: Element with name: password
2026-05-18 16:21:49 [TestNG-tests-1] [Thread-46] - Entered text on Element with name: password-->Cocoy123!@#
2026-05-18 16:21:49 [TestNG-tests-1] [Thread-46] - Applied the border with color green to element: Element with text: Login
2026-05-18 16:21:49 [TestNG-tests-2] [Thread-47] - Applied the border with color green to element: Element located using: By.xpath: //div[@class='oxd-brand-banner']//img
2026-05-18 16:21:49 [TestNG-tests-2] [Thread-47] - Element is displayed Element located using: By.xpath: //div[@class='oxd-brand-banner']//img
2026-05-18 16:21:49 [TestNG-tests-1] [Thread-46] - clicked an element-->Element with text: Login
2026-05-18 16:21:49 [TestNG-tests-2] [Thread-47] - Applied the border with color green to element: Element with text: John paul Chang
2026-05-18 16:21:50 [TestNG-tests-2] [Thread-47] - clicked an element-->Element with text: John paul Chang
2026-05-18 16:21:50 [TestNG-tests-2] [Thread-47] - Applied the border with color green to element: Element with text: Logout
2026-05-18 16:21:50 [TestNG-tests-1] [Thread-46] - Failed to apply the border to an element: no such element: Unable to locate element: {"method":"xpath","selector":"//span[text()='PIM']"}
  (Session info: chrome=148.0.7778.168)
For documentation on this error, please visit: https://www.selenium.dev/documentation/webdriver/troubleshooting/errors#no-such-element-exception
Build info: version: '4.27.0', revision: 'd6e718d134'
System info: os.name: 'Windows 11', os.arch: 'amd64', os.version: '10.0', java.version: '21.0.2'
Driver info: org.openqa.selenium.chrome.ChromeDriver
Command: [27251dab1de37a88c64f2661d751d86c, findElement {value=//span[text()='PIM'], using=xpath}]
Capabilities {acceptInsecureCerts: false, browserName: chrome, browserVersion: 148.0.7778.168, chrome: {chromedriverVersion: 148.0.7778.167 (65db666ac2c..., userDataDir: C:\Users\cocoy\AppData\Loca...}, fedcm:accounts: true, goog:chromeOptions: {debuggerAddress: localhost:50476}, goog:processID: 29328, networkConnectionEnabled: false, pageLoadStrategy: normal, platformName: windows, proxy: Proxy(), se:cdp: ws://localhost:50476/devtoo..., se:cdpVersion: 148.0.7778.168, setWindowRect: true, strictFileInteractability: false, timeouts: {implicit: 0, pageLoad: 300000, script: 30000}, unhandledPromptBehavior: dismiss and notify, webauthn:extension:credBlob: true, webauthn:extension:largeBlob: true, webauthn:extension:minPinLength: true, webauthn:extension:prf: true, webauthn:virtualAuthenticators: true}
Session ID: 27251dab1de37a88c64f2661d751d86c
2026-05-18 16:21:51 [TestNG-tests-2] [Thread-47] - clicked an element-->Element with text: Logout
2026-05-18 16:21:51 [TestNG-tests-2] [Thread-47] - WebDriver instance is closed.
2026-05-18 16:21:52 [TestNG-tests-1] [Thread-46] - clicked an element-->Unable to describe element due to error: no such element: Unable to locate element: {"method":"xpath","selector":"//span[text()='PIM']"}
  (Session info: chrome=148.0.7778.168)
For documentation on this error, please visit: https://www.selenium.dev/documentation/webdriver/troubleshooting/errors#no-such-element-exception
Build info: version: '4.27.0', revision: 'd6e718d134'
System info: os.name: 'Windows 11', os.arch: 'amd64', os.version: '10.0', java.version: '21.0.2'
Driver info: org.openqa.selenium.chrome.ChromeDriver
Command: [27251dab1de37a88c64f2661d751d86c, findElement {value=//span[text()='PIM'], using=xpath}]
Capabilities {acceptInsecureCerts: false, browserName: chrome, browserVersion: 148.0.7778.168, chrome: {chromedriverVersion: 148.0.7778.167 (65db666ac2c..., userDataDir: C:\Users\cocoy\AppData\Loca...}, fedcm:accounts: true, goog:chromeOptions: {debuggerAddress: localhost:50476}, goog:processID: 29328, networkConnectionEnabled: false, pageLoadStrategy: normal, platformName: windows, proxy: Proxy(), se:cdp: ws://localhost:50476/devtoo..., se:cdpVersion: 148.0.7778.168, setWindowRect: true, strictFileInteractability: false, timeouts: {implicit: 0, pageLoad: 300000, script: 30000}, unhandledPromptBehavior: dismiss and notify, webauthn:extension:credBlob: true, webauthn:extension:largeBlob: true, webauthn:extension:minPinLength: true, webauthn:extension:prf: true, webauthn:virtualAuthenticators: true}
Session ID: 27251dab1de37a88c64f2661d751d86c
2026-05-18 16:21:53 [TestNG-tests-1] [Thread-46] - Applied the border with color green to element: Element with placeholder: Type for hints...
2026-05-18 16:21:53 [TestNG-tests-1] [Thread-46] - Entered text on Element with placeholder: Type for hints...-->john paul
2026-05-18 16:21:53 [TestNG-tests-1] [Thread-46] - Applied the border with color green to element: Element with text: Search
2026-05-18 16:21:53 [TestNG-tests-1] [Thread-46] - clicked an element-->Element with text: Search
2026-05-18 16:21:53 [TestNG-tests-1] [Thread-46] - Failed to apply the border to an element: stale element reference: stale element not found in the current frame
  (Session info: chrome=148.0.7778.168)
For documentation on this error, please visit: https://www.selenium.dev/documentation/webdriver/troubleshooting/errors#stale-element-reference-exception
Build info: version: '4.27.0', revision: 'd6e718d134'
System info: os.name: 'Windows 11', os.arch: 'amd64', os.version: '10.0', java.version: '21.0.2'
Driver info: org.openqa.selenium.chrome.ChromeDriver
Command: [27251dab1de37a88c64f2661d751d86c, executeScript {args=[{element-6066-11e4-a52e-4f735466cecf=f.62878A0360E67BB951AFEB3A28670901.d.467E5B181CDC62C369BFF017C1CC6660.e.107}], script=arguments[0].style.border='3px solid green'}]
Capabilities {acceptInsecureCerts: false, browserName: chrome, browserVersion: 148.0.7778.168, chrome: {chromedriverVersion: 148.0.7778.167 (65db666ac2c..., userDataDir: C:\Users\cocoy\AppData\Loca...}, fedcm:accounts: true, goog:chromeOptions: {debuggerAddress: localhost:50476}, goog:processID: 29328, networkConnectionEnabled: false, pageLoadStrategy: normal, platformName: windows, proxy: Proxy(), se:cdp: ws://localhost:50476/devtoo..., se:cdpVersion: 148.0.7778.168, setWindowRect: true, strictFileInteractability: false, timeouts: {implicit: 0, pageLoad: 300000, script: 30000}, unhandledPromptBehavior: dismiss and notify, webauthn:extension:credBlob: true, webauthn:extension:largeBlob: true, webauthn:extension:minPinLength: true, webauthn:extension:prf: true, webauthn:virtualAuthenticators: true}
Session ID: 27251dab1de37a88c64f2661d751d86c
2026-05-18 16:21:53 [TestNG-tests-1] [Thread-46] - Failed to apply the border to an element: no such element: Unable to locate element: {"method":"xpath","selector":"//div[@class='oxd-table-card']/div/div[3]"}
  (Session info: chrome=148.0.7778.168)
For documentation on this error, please visit: https://www.selenium.dev/documentation/webdriver/troubleshooting/errors#no-such-element-exception
Build info: version: '4.27.0', revision: 'd6e718d134'
System info: os.name: 'Windows 11', os.arch: 'amd64', os.version: '10.0', java.version: '21.0.2'
Driver info: org.openqa.selenium.chrome.ChromeDriver
Command: [27251dab1de37a88c64f2661d751d86c, findElement {value=//div[@class='oxd-table-card']/div/div[3], using=xpath}]
Capabilities {acceptInsecureCerts: false, browserName: chrome, browserVersion: 148.0.7778.168, chrome: {chromedriverVersion: 148.0.7778.167 (65db666ac2c..., userDataDir: C:\Users\cocoy\AppData\Loca...}, fedcm:accounts: true, goog:chromeOptions: {debuggerAddress: localhost:50476}, goog:processID: 29328, networkConnectionEnabled: false, pageLoadStrategy: normal, platformName: windows, proxy: Proxy(), se:cdp: ws://localhost:50476/devtoo..., se:cdpVersion: 148.0.7778.168, setWindowRect: true, strictFileInteractability: false, timeouts: {implicit: 0, pageLoad: 300000, script: 30000}, unhandledPromptBehavior: dismiss and notify, webauthn:extension:credBlob: true, webauthn:extension:largeBlob: true, webauthn:extension:minPinLength: true, webauthn:extension:prf: true, webauthn:virtualAuthenticators: true}
Session ID: 27251dab1de37a88c64f2661d751d86c
2026-05-18 16:21:54 [TestNG-tests-1] [Thread-46] - Starting DB Connection...
2026-05-18 16:21:54 [TestNG-tests-1] [Thread-46] - DB Connection Successful
2026-05-18 16:21:54 [TestNG-tests-1] [Thread-46] - Executing query: SELECT emp_firstname, emp_middle_name, emp_lastname FROM hs_hr_employee WHERE employee_id =1
2026-05-18 16:21:54 [TestNG-tests-1] [Thread-46] - Query Executed Successfully
2026-05-18 16:21:54 [TestNG-tests-1] [Thread-46] - Employee Data Fetched: {firstName=John paul, lastName=Chang, middleName=}
2026-05-18 16:21:54 [TestNG-tests-1] [Thread-46] - Applied the border with color green to element: Element with text: John paul
2026-05-18 16:21:54 [TestNG-tests-1] [Thread-46] - Texts are Matching:John paul equals John paul
2026-05-18 16:21:54 [TestNG-tests-1] [Thread-46] - Applied the border with color green to element: Element with text: Chang
2026-05-18 16:21:54 [TestNG-tests-1] [Thread-46] - Texts are Matching:Chang equals Chang
2026-05-18 16:21:55 [TestNG-tests-1] [Thread-46] - WebDriver instance is closed.
2026-05-18 16:21:55 [TestNG-tests-1] [Thread-46] - Setting up WebDriver for: DBVerificationTest on browser: chrome
2026-05-18 16:21:55 [TestNG-tests-1] [Thread-46] - ChromeDriver Instance is created.
2026-05-18 16:22:06 [TestNG-tests-1] [Thread-46] - WebDriver instance is created.
2026-05-18 16:22:08 [TestNG-tests-1] [Thread-46] - for test verifyEmployeeNameVerificationFromDB ActionDriver initialized for thread: 46
2026-05-18 16:22:08 [TestNG-tests-1] [Thread-46] - Applied the border with color green to element: Element with name: username
2026-05-18 16:22:08 [TestNG-tests-1] [Thread-46] - Entered text on Element with name: username-->admin
2026-05-18 16:22:08 [TestNG-tests-1] [Thread-46] - Applied the border with color green to element: Element with name: password
2026-05-18 16:22:08 [TestNG-tests-1] [Thread-46] - Entered text on Element with name: password-->Cocoy123!@#
2026-05-18 16:22:08 [TestNG-tests-1] [Thread-46] - Applied the border with color green to element: Element with text: Login
2026-05-18 16:22:08 [TestNG-tests-1] [Thread-46] - clicked an element-->Element with text: Login
2026-05-18 16:22:09 [TestNG-tests-1] [Thread-46] - Failed to apply the border to an element: no such element: Unable to locate element: {"method":"xpath","selector":"//span[text()='PIM']"}
  (Session info: chrome=148.0.7778.168)
For documentation on this error, please visit: https://www.selenium.dev/documentation/webdriver/troubleshooting/errors#no-such-element-exception
Build info: version: '4.27.0', revision: 'd6e718d134'
System info: os.name: 'Windows 11', os.arch: 'amd64', os.version: '10.0', java.version: '21.0.2'
Driver info: org.openqa.selenium.chrome.ChromeDriver
Command: [88e5b93a5eda7e612f4c986922940a4c, findElement {value=//span[text()='PIM'], using=xpath}]
Capabilities {acceptInsecureCerts: false, browserName: chrome, browserVersion: 148.0.7778.168, chrome: {chromedriverVersion: 148.0.7778.167 (65db666ac2c..., userDataDir: C:\Users\cocoy\AppData\Loca...}, fedcm:accounts: true, goog:chromeOptions: {debuggerAddress: localhost:57749}, goog:processID: 34584, networkConnectionEnabled: false, pageLoadStrategy: normal, platformName: windows, proxy: Proxy(), se:cdp: ws://localhost:57749/devtoo..., se:cdpVersion: 148.0.7778.168, setWindowRect: true, strictFileInteractability: false, timeouts: {implicit: 0, pageLoad: 300000, script: 30000}, unhandledPromptBehavior: dismiss and notify, webauthn:extension:credBlob: true, webauthn:extension:largeBlob: true, webauthn:extension:minPinLength: true, webauthn:extension:prf: true, webauthn:virtualAuthenticators: true}
Session ID: 88e5b93a5eda7e612f4c986922940a4c
2026-05-18 16:22:11 [TestNG-tests-1] [Thread-46] - clicked an element-->Unable to describe element due to error: no such element: Unable to locate element: {"method":"xpath","selector":"//span[text()='PIM']"}
  (Session info: chrome=148.0.7778.168)
For documentation on this error, please visit: https://www.selenium.dev/documentation/webdriver/troubleshooting/errors#no-such-element-exception
Build info: version: '4.27.0', revision: 'd6e718d134'
System info: os.name: 'Windows 11', os.arch: 'amd64', os.version: '10.0', java.version: '21.0.2'
Driver info: org.openqa.selenium.chrome.ChromeDriver
Command: [88e5b93a5eda7e612f4c986922940a4c, findElement {value=//span[text()='PIM'], using=xpath}]
Capabilities {acceptInsecureCerts: false, browserName: chrome, browserVersion: 148.0.7778.168, chrome: {chromedriverVersion: 148.0.7778.167 (65db666ac2c..., userDataDir: C:\Users\cocoy\AppData\Loca...}, fedcm:accounts: true, goog:chromeOptions: {debuggerAddress: localhost:57749}, goog:processID: 34584, networkConnectionEnabled: false, pageLoadStrategy: normal, platformName: windows, proxy: Proxy(), se:cdp: ws://localhost:57749/devtoo..., se:cdpVersion: 148.0.7778.168, setWindowRect: true, strictFileInteractability: false, timeouts: {implicit: 0, pageLoad: 300000, script: 30000}, unhandledPromptBehavior: dismiss and notify, webauthn:extension:credBlob: true, webauthn:extension:largeBlob: true, webauthn:extension:minPinLength: true, webauthn:extension:prf: true, webauthn:virtualAuthenticators: true}
Session ID: 88e5b93a5eda7e612f4c986922940a4c
2026-05-18 16:22:11 [TestNG-tests-1] [Thread-46] - Applied the border with color green to element: Element with placeholder: Type for hints...
2026-05-18 16:22:11 [TestNG-tests-1] [Thread-46] - Entered text on Element with placeholder: Type for hints...-->wachum
2026-05-18 16:22:12 [TestNG-tests-1] [Thread-46] - Applied the border with color green to element: Element with text: Search
2026-05-18 16:22:12 [TestNG-tests-1] [Thread-46] - clicked an element-->Element with text: Search
2026-05-18 16:22:12 [TestNG-tests-1] [Thread-46] - Failed to apply the border to an element: no such element: Unable to locate element: {"method":"xpath","selector":"//div[@class='oxd-table-card']/div/div[3]"}
  (Session info: chrome=148.0.7778.168)
For documentation on this error, please visit: https://www.selenium.dev/documentation/webdriver/troubleshooting/errors#no-such-element-exception
Build info: version: '4.27.0', revision: 'd6e718d134'
System info: os.name: 'Windows 11', os.arch: 'amd64', os.version: '10.0', java.version: '21.0.2'
Driver info: org.openqa.selenium.chrome.ChromeDriver
Command: [88e5b93a5eda7e612f4c986922940a4c, findElement {value=//div[@class='oxd-table-card']/div/div[3], using=xpath}]
Capabilities {acceptInsecureCerts: false, browserName: chrome, browserVersion: 148.0.7778.168, chrome: {chromedriverVersion: 148.0.7778.167 (65db666ac2c..., userDataDir: C:\Users\cocoy\AppData\Loca...}, fedcm:accounts: true, goog:chromeOptions: {debuggerAddress: localhost:57749}, goog:processID: 34584, networkConnectionEnabled: false, pageLoadStrategy: normal, platformName: windows, proxy: Proxy(), se:cdp: ws://localhost:57749/devtoo..., se:cdpVersion: 148.0.7778.168, setWindowRect: true, strictFileInteractability: false, timeouts: {implicit: 0, pageLoad: 300000, script: 30000}, unhandledPromptBehavior: dismiss and notify, webauthn:extension:credBlob: true, webauthn:extension:largeBlob: true, webauthn:extension:minPinLength: true, webauthn:extension:prf: true, webauthn:virtualAuthenticators: true}
Session ID: 88e5b93a5eda7e612f4c986922940a4c
2026-05-18 16:22:12 [TestNG-tests-1] [Thread-46] - Failed to apply the border to an element: no such element: Unable to locate element: {"method":"xpath","selector":"//div[@class='oxd-table-card']/div/div[3]"}
  (Session info: chrome=148.0.7778.168)
For documentation on this error, please visit: https://www.selenium.dev/documentation/webdriver/troubleshooting/errors#no-such-element-exception
Build info: version: '4.27.0', revision: 'd6e718d134'
System info: os.name: 'Windows 11', os.arch: 'amd64', os.version: '10.0', java.version: '21.0.2'
Driver info: org.openqa.selenium.chrome.ChromeDriver
Command: [88e5b93a5eda7e612f4c986922940a4c, findElement {value=//div[@class='oxd-table-card']/div/div[3], using=xpath}]
Capabilities {acceptInsecureCerts: false, browserName: chrome, browserVersion: 148.0.7778.168, chrome: {chromedriverVersion: 148.0.7778.167 (65db666ac2c..., userDataDir: C:\Users\cocoy\AppData\Loca...}, fedcm:accounts: true, goog:chromeOptions: {debuggerAddress: localhost:57749}, goog:processID: 34584, networkConnectionEnabled: false, pageLoadStrategy: normal, platformName: windows, proxy: Proxy(), se:cdp: ws://localhost:57749/devtoo..., se:cdpVersion: 148.0.7778.168, setWindowRect: true, strictFileInteractability: false, timeouts: {implicit: 0, pageLoad: 300000, script: 30000}, unhandledPromptBehavior: dismiss and notify, webauthn:extension:credBlob: true, webauthn:extension:largeBlob: true, webauthn:extension:minPinLength: true, webauthn:extension:prf: true, webauthn:virtualAuthenticators: true}
Session ID: 88e5b93a5eda7e612f4c986922940a4c
2026-05-18 16:22:13 [TestNG-tests-1] [Thread-46] - Starting DB Connection...
2026-05-18 16:22:13 [TestNG-tests-1] [Thread-46] - DB Connection Successful
2026-05-18 16:22:13 [TestNG-tests-1] [Thread-46] - Executing query: SELECT emp_firstname, emp_middle_name, emp_lastname FROM hs_hr_employee WHERE employee_id =2
2026-05-18 16:22:13 [TestNG-tests-1] [Thread-46] - Query Executed Successfully
2026-05-18 16:22:13 [TestNG-tests-1] [Thread-46] - Employee Data Fetched: {firstName=wachum, lastName=pong, middleName=}
2026-05-18 16:22:13 [TestNG-tests-1] [Thread-46] - Applied the border with color green to element: Element with text: wachum
2026-05-18 16:22:13 [TestNG-tests-1] [Thread-46] - Texts are Matching:wachum equals wachum
2026-05-18 16:22:13 [TestNG-tests-1] [Thread-46] - Applied the border with color green to element: Element with text: pong
2026-05-18 16:22:13 [TestNG-tests-1] [Thread-46] - Texts are Matching:pong equals pong
2026-05-18 16:22:13 [TestNG-tests-1] [Thread-46] - WebDriver instance is closed.
2026-05-18 16:22:13 [TestNG-tests-1] [Thread-46] - Setting up WebDriver for: HomePageTest on browser: chrome
2026-05-18 16:22:14 [TestNG-tests-1] [Thread-46] - ChromeDriver Instance is created.
2026-05-18 16:22:24 [TestNG-tests-1] [Thread-46] - WebDriver instance is created.
2026-05-18 16:22:26 [TestNG-tests-1] [Thread-46] - for test verifyOrangeHRMLogo ActionDriver initialized for thread: 46
2026-05-18 16:22:26 [TestNG-tests-1] [Thread-46] - Applied the border with color green to element: Element with name: username
2026-05-18 16:22:27 [TestNG-tests-1] [Thread-46] - Entered text on Element with name: username-->admin
2026-05-18 16:22:27 [TestNG-tests-1] [Thread-46] - Applied the border with color green to element: Element with name: password
2026-05-18 16:22:27 [TestNG-tests-1] [Thread-46] - Entered text on Element with name: password-->Cocoy123!@#
2026-05-18 16:22:27 [TestNG-tests-1] [Thread-46] - Applied the border with color green to element: Element with text: Login
2026-05-18 16:22:27 [TestNG-tests-1] [Thread-46] - clicked an element-->Element with text: Login
2026-05-18 16:22:28 [TestNG-tests-1] [Thread-46] - Applied the border with color green to element: Element located using: By.xpath: //div[@class='oxd-brand-banner']//img
2026-05-18 16:22:28 [TestNG-tests-1] [Thread-46] - Element is displayed Element located using: By.xpath: //div[@class='oxd-brand-banner']//img
2026-05-18 16:22:28 [TestNG-tests-1] [Thread-46] - Applied the border with color green to element: Element with text: John paul Chang
2026-05-18 16:22:28 [TestNG-tests-1] [Thread-46] - clicked an element-->Element with text: John paul Chang
2026-05-18 16:22:28 [TestNG-tests-1] [Thread-46] - Applied the border with color green to element: Element located using: By.xpath: //a[text()='Logout']
2026-05-18 16:22:29 [TestNG-tests-1] [Thread-46] - clicked an element-->Element located using: By.xpath: //a[text()='Logout']
2026-05-18 16:22:30 [TestNG-tests-1] [Thread-46] - WebDriver instance is closed.
2026-05-18 17:02:43 [main] [Thread-1] - config.properties file loaded
2026-05-18 17:02:43 [TestNG-tests-2] [Thread-46] - Setting up WebDriver for: HomePageTest on browser: fireFox
2026-05-18 17:02:45 [TestNG-tests-1] [Thread-45] - Setting up WebDriver for: DBVerificationTest on browser: chrome
2026-05-18 17:02:46 [TestNG-tests-1] [Thread-45] - ChromeDriver Instance is created.
2026-05-18 17:02:46 [TestNG-tests-2] [Thread-46] - FirefoxDriver Instance is created.
2026-05-18 17:02:57 [TestNG-tests-1] [Thread-45] - WebDriver instance is created.
2026-05-18 17:02:57 [TestNG-tests-2] [Thread-46] - WebDriver instance is created.
2026-05-18 17:02:59 [TestNG-tests-2] [Thread-46] - for test verifyOrangeHRMLogo ActionDriver initialized for thread: 46
2026-05-18 17:02:59 [TestNG-tests-1] [Thread-45] - for test verifyEmployeeNameVerificationFromDB ActionDriver initialized for thread: 45
2026-05-18 17:02:59 [TestNG-tests-2] [Thread-46] - Applied the border with color green to element: Element with name: username
2026-05-18 17:02:59 [TestNG-tests-1] [Thread-45] - Applied the border with color green to element: Element with name: username
2026-05-18 17:02:59 [TestNG-tests-2] [Thread-46] - Entered text on Element with name: username-->admin
2026-05-18 17:02:59 [TestNG-tests-2] [Thread-46] - Applied the border with color green to element: Element with name: password
2026-05-18 17:02:59 [TestNG-tests-1] [Thread-45] - Entered text on Element with name: username-->admin
2026-05-18 17:02:59 [TestNG-tests-2] [Thread-46] - Entered text on Element with name: password-->Cocoy123!@#
2026-05-18 17:02:59 [TestNG-tests-2] [Thread-46] - Applied the border with color green to element: Element with text: Login
2026-05-18 17:02:59 [TestNG-tests-1] [Thread-45] - Applied the border with color green to element: Element with name: password
2026-05-18 17:02:59 [TestNG-tests-1] [Thread-45] - Entered text on Element with name: password-->Cocoy123!@#
2026-05-18 17:02:59 [TestNG-tests-1] [Thread-45] - Applied the border with color green to element: Element with text: Login
2026-05-18 17:02:59 [TestNG-tests-1] [Thread-45] - clicked an element-->Element with text: Login
2026-05-18 17:03:00 [TestNG-tests-2] [Thread-46] - clicked an element-->Element with text: Login
2026-05-18 17:03:00 [TestNG-tests-1] [Thread-45] - Failed to apply the border to an element: no such element: Unable to locate element: {"method":"xpath","selector":"//span[text()='PIM']"}
  (Session info: chrome=148.0.7778.168)
For documentation on this error, please visit: https://www.selenium.dev/documentation/webdriver/troubleshooting/errors#no-such-element-exception
Build info: version: '4.27.0', revision: 'd6e718d134'
System info: os.name: 'Windows 11', os.arch: 'amd64', os.version: '10.0', java.version: '21.0.2'
Driver info: org.openqa.selenium.chrome.ChromeDriver
Command: [f319860aa3691404a5c69d3c05cd13a2, findElement {using=xpath, value=//span[text()='PIM']}]
Capabilities {acceptInsecureCerts: false, browserName: chrome, browserVersion: 148.0.7778.168, chrome: {chromedriverVersion: 148.0.7778.167 (65db666ac2c..., userDataDir: C:\Users\cocoy\AppData\Loca...}, fedcm:accounts: true, goog:chromeOptions: {debuggerAddress: localhost:61949}, goog:processID: 34232, networkConnectionEnabled: false, pageLoadStrategy: normal, platformName: windows, proxy: Proxy(), se:cdp: ws://localhost:61949/devtoo..., se:cdpVersion: 148.0.7778.168, setWindowRect: true, strictFileInteractability: false, timeouts: {implicit: 0, pageLoad: 300000, script: 30000}, unhandledPromptBehavior: dismiss and notify, webauthn:extension:credBlob: true, webauthn:extension:largeBlob: true, webauthn:extension:minPinLength: true, webauthn:extension:prf: true, webauthn:virtualAuthenticators: true}
Session ID: f319860aa3691404a5c69d3c05cd13a2
2026-05-18 17:03:01 [TestNG-tests-2] [Thread-46] - Applied the border with color green to element: Element located using: By.xpath: //div[@class='oxd-brand-banner']//img
2026-05-18 17:03:01 [TestNG-tests-2] [Thread-46] - Element is displayed Element located using: By.xpath: //div[@class='oxd-brand-banner']//img
2026-05-18 17:03:01 [TestNG-tests-2] [Thread-46] - Applied the border with color green to element: Element with text: John paul Chang
2026-05-18 17:03:01 [TestNG-tests-2] [Thread-46] - clicked an element-->Element with text: John paul Chang
2026-05-18 17:03:01 [TestNG-tests-2] [Thread-46] - Applied the border with color green to element: Element with text: Logout
2026-05-18 17:03:03 [TestNG-tests-2] [Thread-46] - clicked an element-->Element with text: Logout
2026-05-18 17:03:03 [TestNG-tests-1] [Thread-45] - clicked an element-->Unable to describe element due to error: no such element: Unable to locate element: {"method":"xpath","selector":"//span[text()='PIM']"}
  (Session info: chrome=148.0.7778.168)
For documentation on this error, please visit: https://www.selenium.dev/documentation/webdriver/troubleshooting/errors#no-such-element-exception
Build info: version: '4.27.0', revision: 'd6e718d134'
System info: os.name: 'Windows 11', os.arch: 'amd64', os.version: '10.0', java.version: '21.0.2'
Driver info: org.openqa.selenium.chrome.ChromeDriver
Command: [f319860aa3691404a5c69d3c05cd13a2, findElement {using=xpath, value=//span[text()='PIM']}]
Capabilities {acceptInsecureCerts: false, browserName: chrome, browserVersion: 148.0.7778.168, chrome: {chromedriverVersion: 148.0.7778.167 (65db666ac2c..., userDataDir: C:\Users\cocoy\AppData\Loca...}, fedcm:accounts: true, goog:chromeOptions: {debuggerAddress: localhost:61949}, goog:processID: 34232, networkConnectionEnabled: false, pageLoadStrategy: normal, platformName: windows, proxy: Proxy(), se:cdp: ws://localhost:61949/devtoo..., se:cdpVersion: 148.0.7778.168, setWindowRect: true, strictFileInteractability: false, timeouts: {implicit: 0, pageLoad: 300000, script: 30000}, unhandledPromptBehavior: dismiss and notify, webauthn:extension:credBlob: true, webauthn:extension:largeBlob: true, webauthn:extension:minPinLength: true, webauthn:extension:prf: true, webauthn:virtualAuthenticators: true}
Session ID: f319860aa3691404a5c69d3c05cd13a2
2026-05-18 17:03:03 [TestNG-tests-2] [Thread-46] - WebDriver instance is closed.
2026-05-18 17:03:03 [TestNG-tests-1] [Thread-45] - Applied the border with color green to element: Element with placeholder: Type for hints...
2026-05-18 17:03:04 [TestNG-tests-1] [Thread-45] - Entered text on Element with placeholder: Type for hints...-->john paul
2026-05-18 17:03:04 [TestNG-tests-1] [Thread-45] - Applied the border with color green to element: Element with text: Search
2026-05-18 17:03:04 [TestNG-tests-1] [Thread-45] - clicked an element-->Element with text: Search
2026-05-18 17:03:04 [TestNG-tests-1] [Thread-45] - Failed to apply the border to an element: no such element: Unable to locate element: {"method":"xpath","selector":"//div[@class='oxd-table-card']/div/div[3]"}
  (Session info: chrome=148.0.7778.168)
For documentation on this error, please visit: https://www.selenium.dev/documentation/webdriver/troubleshooting/errors#no-such-element-exception
Build info: version: '4.27.0', revision: 'd6e718d134'
System info: os.name: 'Windows 11', os.arch: 'amd64', os.version: '10.0', java.version: '21.0.2'
Driver info: org.openqa.selenium.chrome.ChromeDriver
Command: [f319860aa3691404a5c69d3c05cd13a2, findElement {using=xpath, value=//div[@class='oxd-table-card']/div/div[3]}]
Capabilities {acceptInsecureCerts: false, browserName: chrome, browserVersion: 148.0.7778.168, chrome: {chromedriverVersion: 148.0.7778.167 (65db666ac2c..., userDataDir: C:\Users\cocoy\AppData\Loca...}, fedcm:accounts: true, goog:chromeOptions: {debuggerAddress: localhost:61949}, goog:processID: 34232, networkConnectionEnabled: false, pageLoadStrategy: normal, platformName: windows, proxy: Proxy(), se:cdp: ws://localhost:61949/devtoo..., se:cdpVersion: 148.0.7778.168, setWindowRect: true, strictFileInteractability: false, timeouts: {implicit: 0, pageLoad: 300000, script: 30000}, unhandledPromptBehavior: dismiss and notify, webauthn:extension:credBlob: true, webauthn:extension:largeBlob: true, webauthn:extension:minPinLength: true, webauthn:extension:prf: true, webauthn:virtualAuthenticators: true}
Session ID: f319860aa3691404a5c69d3c05cd13a2
2026-05-18 17:03:04 [TestNG-tests-1] [Thread-45] - Failed to apply the border to an element: no such element: Unable to locate element: {"method":"xpath","selector":"//div[@class='oxd-table-card']/div/div[3]"}
  (Session info: chrome=148.0.7778.168)
For documentation on this error, please visit: https://www.selenium.dev/documentation/webdriver/troubleshooting/errors#no-such-element-exception
Build info: version: '4.27.0', revision: 'd6e718d134'
System info: os.name: 'Windows 11', os.arch: 'amd64', os.version: '10.0', java.version: '21.0.2'
Driver info: org.openqa.selenium.chrome.ChromeDriver
Command: [f319860aa3691404a5c69d3c05cd13a2, findElement {using=xpath, value=//div[@class='oxd-table-card']/div/div[3]}]
Capabilities {acceptInsecureCerts: false, browserName: chrome, browserVersion: 148.0.7778.168, chrome: {chromedriverVersion: 148.0.7778.167 (65db666ac2c..., userDataDir: C:\Users\cocoy\AppData\Loca...}, fedcm:accounts: true, goog:chromeOptions: {debuggerAddress: localhost:61949}, goog:processID: 34232, networkConnectionEnabled: false, pageLoadStrategy: normal, platformName: windows, proxy: Proxy(), se:cdp: ws://localhost:61949/devtoo..., se:cdpVersion: 148.0.7778.168, setWindowRect: true, strictFileInteractability: false, timeouts: {implicit: 0, pageLoad: 300000, script: 30000}, unhandledPromptBehavior: dismiss and notify, webauthn:extension:credBlob: true, webauthn:extension:largeBlob: true, webauthn:extension:minPinLength: true, webauthn:extension:prf: true, webauthn:virtualAuthenticators: true}
Session ID: f319860aa3691404a5c69d3c05cd13a2
2026-05-18 17:03:05 [TestNG-tests-1] [Thread-45] - Starting DB Connection...
2026-05-18 17:03:05 [TestNG-tests-1] [Thread-45] - DB Connection Successful
2026-05-18 17:03:05 [TestNG-tests-1] [Thread-45] - Executing query: SELECT emp_firstname, emp_middle_name, emp_lastname FROM hs_hr_employee WHERE employee_id =1
2026-05-18 17:03:05 [TestNG-tests-1] [Thread-45] - Query Executed Successfully
2026-05-18 17:03:05 [TestNG-tests-1] [Thread-45] - Employee Data Fetched: {firstName=John paul, lastName=Chang, middleName=}
2026-05-18 17:03:05 [TestNG-tests-1] [Thread-45] - Applied the border with color green to element: Element with text: John paul
2026-05-18 17:03:05 [TestNG-tests-1] [Thread-45] - Texts are Matching:John paul equals John paul
2026-05-18 17:03:05 [TestNG-tests-1] [Thread-45] - Applied the border with color green to element: Element with text: Chang
2026-05-18 17:03:05 [TestNG-tests-1] [Thread-45] - Texts are Matching:Chang equals Chang
2026-05-18 17:03:05 [TestNG-tests-1] [Thread-45] - WebDriver instance is closed.
2026-05-18 17:03:05 [TestNG-tests-1] [Thread-45] - Setting up WebDriver for: DBVerificationTest on browser: chrome
2026-05-18 17:03:06 [TestNG-tests-1] [Thread-45] - ChromeDriver Instance is created.
2026-05-18 17:03:17 [TestNG-tests-1] [Thread-45] - WebDriver instance is created.
2026-05-18 17:03:19 [TestNG-tests-1] [Thread-45] - for test verifyEmployeeNameVerificationFromDB ActionDriver initialized for thread: 45
2026-05-18 17:03:19 [TestNG-tests-1] [Thread-45] - Applied the border with color green to element: Element with name: username
2026-05-18 17:03:19 [TestNG-tests-1] [Thread-45] - Entered text on Element with name: username-->admin
2026-05-18 17:03:19 [TestNG-tests-1] [Thread-45] - Applied the border with color green to element: Element with name: password
2026-05-18 17:03:19 [TestNG-tests-1] [Thread-45] - Entered text on Element with name: password-->Cocoy123!@#
2026-05-18 17:03:19 [TestNG-tests-1] [Thread-45] - Applied the border with color green to element: Element with text: Login
2026-05-18 17:03:19 [TestNG-tests-1] [Thread-45] - clicked an element-->Element with text: Login
2026-05-18 17:03:20 [TestNG-tests-1] [Thread-45] - Failed to apply the border to an element: no such element: Unable to locate element: {"method":"xpath","selector":"//span[text()='PIM']"}
  (Session info: chrome=148.0.7778.168)
For documentation on this error, please visit: https://www.selenium.dev/documentation/webdriver/troubleshooting/errors#no-such-element-exception
Build info: version: '4.27.0', revision: 'd6e718d134'
System info: os.name: 'Windows 11', os.arch: 'amd64', os.version: '10.0', java.version: '21.0.2'
Driver info: org.openqa.selenium.chrome.ChromeDriver
Command: [cbf2d1f5c23721480de2a353a2706076, findElement {using=xpath, value=//span[text()='PIM']}]
Capabilities {acceptInsecureCerts: false, browserName: chrome, browserVersion: 148.0.7778.168, chrome: {chromedriverVersion: 148.0.7778.167 (65db666ac2c..., userDataDir: C:\Users\cocoy\AppData\Loca...}, fedcm:accounts: true, goog:chromeOptions: {debuggerAddress: localhost:52924}, goog:processID: 2348, networkConnectionEnabled: false, pageLoadStrategy: normal, platformName: windows, proxy: Proxy(), se:cdp: ws://localhost:52924/devtoo..., se:cdpVersion: 148.0.7778.168, setWindowRect: true, strictFileInteractability: false, timeouts: {implicit: 0, pageLoad: 300000, script: 30000}, unhandledPromptBehavior: dismiss and notify, webauthn:extension:credBlob: true, webauthn:extension:largeBlob: true, webauthn:extension:minPinLength: true, webauthn:extension:prf: true, webauthn:virtualAuthenticators: true}
Session ID: cbf2d1f5c23721480de2a353a2706076
2026-05-18 17:03:21 [TestNG-tests-1] [Thread-45] - clicked an element-->Unable to describe element due to error: no such element: Unable to locate element: {"method":"xpath","selector":"//span[text()='PIM']"}
  (Session info: chrome=148.0.7778.168)
For documentation on this error, please visit: https://www.selenium.dev/documentation/webdriver/troubleshooting/errors#no-such-element-exception
Build info: version: '4.27.0', revision: 'd6e718d134'
System info: os.name: 'Windows 11', os.arch: 'amd64', os.version: '10.0', java.version: '21.0.2'
Driver info: org.openqa.selenium.chrome.ChromeDriver
Command: [cbf2d1f5c23721480de2a353a2706076, findElement {using=xpath, value=//span[text()='PIM']}]
Capabilities {acceptInsecureCerts: false, browserName: chrome, browserVersion: 148.0.7778.168, chrome: {chromedriverVersion: 148.0.7778.167 (65db666ac2c..., userDataDir: C:\Users\cocoy\AppData\Loca...}, fedcm:accounts: true, goog:chromeOptions: {debuggerAddress: localhost:52924}, goog:processID: 2348, networkConnectionEnabled: false, pageLoadStrategy: normal, platformName: windows, proxy: Proxy(), se:cdp: ws://localhost:52924/devtoo..., se:cdpVersion: 148.0.7778.168, setWindowRect: true, strictFileInteractability: false, timeouts: {implicit: 0, pageLoad: 300000, script: 30000}, unhandledPromptBehavior: dismiss and notify, webauthn:extension:credBlob: true, webauthn:extension:largeBlob: true, webauthn:extension:minPinLength: true, webauthn:extension:prf: true, webauthn:virtualAuthenticators: true}
Session ID: cbf2d1f5c23721480de2a353a2706076
2026-05-18 17:03:22 [TestNG-tests-1] [Thread-45] - Applied the border with color green to element: Element with placeholder: Type for hints...
2026-05-18 17:03:22 [TestNG-tests-1] [Thread-45] - Entered text on Element with placeholder: Type for hints...-->wachum
2026-05-18 17:03:22 [TestNG-tests-1] [Thread-45] - Applied the border with color green to element: Element with text: Search
2026-05-18 17:03:22 [TestNG-tests-1] [Thread-45] - clicked an element-->Element with text: Search
2026-05-18 17:03:22 [TestNG-tests-1] [Thread-45] - Failed to apply the border to an element: no such element: Unable to locate element: {"method":"xpath","selector":"//div[@class='oxd-table-card']/div/div[3]"}
  (Session info: chrome=148.0.7778.168)
For documentation on this error, please visit: https://www.selenium.dev/documentation/webdriver/troubleshooting/errors#no-such-element-exception
Build info: version: '4.27.0', revision: 'd6e718d134'
System info: os.name: 'Windows 11', os.arch: 'amd64', os.version: '10.0', java.version: '21.0.2'
Driver info: org.openqa.selenium.chrome.ChromeDriver
Command: [cbf2d1f5c23721480de2a353a2706076, findElement {using=xpath, value=//div[@class='oxd-table-card']/div/div[3]}]
Capabilities {acceptInsecureCerts: false, browserName: chrome, browserVersion: 148.0.7778.168, chrome: {chromedriverVersion: 148.0.7778.167 (65db666ac2c..., userDataDir: C:\Users\cocoy\AppData\Loca...}, fedcm:accounts: true, goog:chromeOptions: {debuggerAddress: localhost:52924}, goog:processID: 2348, networkConnectionEnabled: false, pageLoadStrategy: normal, platformName: windows, proxy: Proxy(), se:cdp: ws://localhost:52924/devtoo..., se:cdpVersion: 148.0.7778.168, setWindowRect: true, strictFileInteractability: false, timeouts: {implicit: 0, pageLoad: 300000, script: 30000}, unhandledPromptBehavior: dismiss and notify, webauthn:extension:credBlob: true, webauthn:extension:largeBlob: true, webauthn:extension:minPinLength: true, webauthn:extension:prf: true, webauthn:virtualAuthenticators: true}
Session ID: cbf2d1f5c23721480de2a353a2706076
2026-05-18 17:03:22 [TestNG-tests-1] [Thread-45] - Failed to apply the border to an element: no such element: Unable to locate element: {"method":"xpath","selector":"//div[@class='oxd-table-card']/div/div[3]"}
  (Session info: chrome=148.0.7778.168)
For documentation on this error, please visit: https://www.selenium.dev/documentation/webdriver/troubleshooting/errors#no-such-element-exception
Build info: version: '4.27.0', revision: 'd6e718d134'
System info: os.name: 'Windows 11', os.arch: 'amd64', os.version: '10.0', java.version: '21.0.2'
Driver info: org.openqa.selenium.chrome.ChromeDriver
Command: [cbf2d1f5c23721480de2a353a2706076, findElement {using=xpath, value=//div[@class='oxd-table-card']/div/div[3]}]
Capabilities {acceptInsecureCerts: false, browserName: chrome, browserVersion: 148.0.7778.168, chrome: {chromedriverVersion: 148.0.7778.167 (65db666ac2c..., userDataDir: C:\Users\cocoy\AppData\Loca...}, fedcm:accounts: true, goog:chromeOptions: {debuggerAddress: localhost:52924}, goog:processID: 2348, networkConnectionEnabled: false, pageLoadStrategy: normal, platformName: windows, proxy: Proxy(), se:cdp: ws://localhost:52924/devtoo..., se:cdpVersion: 148.0.7778.168, setWindowRect: true, strictFileInteractability: false, timeouts: {implicit: 0, pageLoad: 300000, script: 30000}, unhandledPromptBehavior: dismiss and notify, webauthn:extension:credBlob: true, webauthn:extension:largeBlob: true, webauthn:extension:minPinLength: true, webauthn:extension:prf: true, webauthn:virtualAuthenticators: true}
Session ID: cbf2d1f5c23721480de2a353a2706076
2026-05-18 17:03:23 [TestNG-tests-1] [Thread-45] - Starting DB Connection...
2026-05-18 17:03:23 [TestNG-tests-1] [Thread-45] - DB Connection Successful
2026-05-18 17:03:23 [TestNG-tests-1] [Thread-45] - Executing query: SELECT emp_firstname, emp_middle_name, emp_lastname FROM hs_hr_employee WHERE employee_id =2
2026-05-18 17:03:23 [TestNG-tests-1] [Thread-45] - Query Executed Successfully
2026-05-18 17:03:23 [TestNG-tests-1] [Thread-45] - Employee Data Fetched: {firstName=wachum, lastName=pong, middleName=}
2026-05-18 17:03:23 [TestNG-tests-1] [Thread-45] - Applied the border with color green to element: Element with text: wachum
2026-05-18 17:03:23 [TestNG-tests-1] [Thread-45] - Texts are Matching:wachum equals wachum
2026-05-18 17:03:23 [TestNG-tests-1] [Thread-45] - Applied the border with color green to element: Element with text: pong
2026-05-18 17:03:23 [TestNG-tests-1] [Thread-45] - Texts are Matching:pong equals pong
2026-05-18 17:03:23 [TestNG-tests-1] [Thread-45] - WebDriver instance is closed.
2026-05-18 17:03:23 [TestNG-tests-1] [Thread-45] - Setting up WebDriver for: HomePageTest on browser: chrome
2026-05-18 17:03:24 [TestNG-tests-1] [Thread-45] - ChromeDriver Instance is created.
2026-05-18 17:03:35 [TestNG-tests-1] [Thread-45] - WebDriver instance is created.
2026-05-18 17:03:37 [TestNG-tests-1] [Thread-45] - for test verifyOrangeHRMLogo ActionDriver initialized for thread: 45
2026-05-18 17:03:37 [TestNG-tests-1] [Thread-45] - Applied the border with color green to element: Element with name: username
2026-05-18 17:03:37 [TestNG-tests-1] [Thread-45] - Entered text on Element with name: username-->admin
2026-05-18 17:03:37 [TestNG-tests-1] [Thread-45] - Applied the border with color green to element: Element with name: password
2026-05-18 17:03:37 [TestNG-tests-1] [Thread-45] - Entered text on Element with name: password-->Cocoy123!@#
2026-05-18 17:03:37 [TestNG-tests-1] [Thread-45] - Applied the border with color green to element: Element with text: Login
2026-05-18 17:03:37 [TestNG-tests-1] [Thread-45] - clicked an element-->Element with text: Login
2026-05-18 17:03:39 [TestNG-tests-1] [Thread-45] - Applied the border with color green to element: Element located using: By.xpath: //div[@class='oxd-brand-banner']//img
2026-05-18 17:03:39 [TestNG-tests-1] [Thread-45] - Element is displayed Element located using: By.xpath: //div[@class='oxd-brand-banner']//img
2026-05-18 17:03:39 [TestNG-tests-1] [Thread-45] - Applied the border with color green to element: Element with text: John paul Chang
2026-05-18 17:03:39 [TestNG-tests-1] [Thread-45] - clicked an element-->Element with text: John paul Chang
2026-05-18 17:03:39 [TestNG-tests-1] [Thread-45] - Applied the border with color green to element: Element with text: Logout
2026-05-18 17:03:40 [TestNG-tests-1] [Thread-45] - clicked an element-->Element located using: By.xpath: //a[text()='Logout']
2026-05-18 17:03:40 [TestNG-tests-1] [Thread-45] - WebDriver instance is closed.
